<CustomObject Id="10006" Name="WO_Type_Inventory" CoLabel="WO Type Inventory" Description="" DesignerData="WO_Type_Inventory" IsAgentVisible="true" IsAnalyticsVisible="true" IsSubclass="false" IsMenu="false" IsMenuOnlyClass="false" HasLabels="false" HasDescription="false" HasNotes="false" HasFileAttachment="false" IsLogTransactionsEnabled="true" HasUserTransactions="false" HasSequence="false" AllowsSPMSuppression="false"><Package Name="TOA" Id="6"></Package><InterfaceLabels><InterfaceLabel Language="en_US" Label="WO Type Inventory" Description=""></InterfaceLabel></InterfaceLabels><Keys><Key Id="10138" KeyType="1"><Fields><Field Id="10262"></Field></Fields></Key><Key Id="10139" KeyType="3"><Fields><Field Id="10267"></Field></Fields></Key><Key Id="10140" KeyType="3"><Fields><Field Id="10263"></Field></Fields></Key><Key Id="10141" KeyType="3"><Fields><Field Id="10265"></Field></Fields></Key></Keys><Fields><Field Id="10262" Label="ID" Description="System Field" Name="ID" DataTypeName="Integer" DataType="1" IsNullable="false" IsList="false" IsLookup="false" IsCoReadOnly="false" IsAutoUpdate="false" IsSequence="false" IsSystemField="true"></Field><Field Id="10263" Label="Work Order Type" Name="Work_Order_Type" DataTypeName="Integer" DataType="1" IsNullable="true" IsList="false" IsLookup="false" IsCoReadOnly="false" IsAutoUpdate="false" IsSequence="false" IsSystemField="false"></Field><Field Id="10264" Label="Quantity" Name="Quantity" DataTypeName="Integer" DataType="1" IsNullable="false" IsList="false" IsLookup="false" IsCoReadOnly="false" IsAutoUpdate="false" IsSequence="false" IsSystemField="false" ServerDefaultValue="1" MinValue="1"></Field><Field Id="10265" Label="Product" Name="Product" DataTypeName="Menu" DataType="6" IsNullable="true" IsList="false" IsLookup="false" IsCoReadOnly="false" IsAutoUpdate="false" IsSequence="false" IsSystemField="false" OptListId="12"></Field><Field Id="10266" Label="Unit" Name="Unit" DataTypeName="Text Field" DataType="2" IsNullable="true" IsList="false" IsLookup="false" IsCoReadOnly="false" IsAutoUpdate="false" IsSequence="false" IsSystemField="false" MaxLength="255" Usage="PlainText" Pattern=""></Field><Field Id="10267" Label="Model" Name="Model" DataTypeName="Text Field" DataType="2" IsNullable="true" IsList="false" IsLookup="true" IsCoReadOnly="false" IsAutoUpdate="false" IsSequence="false" IsSystemField="false" MaxLength="255" Usage="PlainText" Pattern=""></Field></Fields><Notes></Notes></CustomObject><!--363Y/ZdWnunVdiqJIfbZWqE1rDSjaEr/zVs=-->