<CustomObject Id="10003" Name="Reminder_Time" CoLabel="Reminder Time" Description="" DesignerData="Reminder_Time" IsAgentVisible="false" IsAnalyticsVisible="true" IsSubclass="false" IsMenu="true" IsMenuOnlyClass="true" HasLabels="false" HasDescription="false" HasNotes="false" HasFileAttachment="false" IsLogTransactionsEnabled="true" HasUserTransactions="false" HasSequence="true" AllowsSPMSuppression="true"><Package Name="TOA" Id="6"></Package><MenuItems><MenuItem IsLabelsMenu="false" Name="15"></MenuItem><MenuItem IsLabelsMenu="false" Name="30"></MenuItem><MenuItem IsLabelsMenu="false" Name="45"></MenuItem><MenuItem IsLabelsMenu="false" Name="60"></MenuItem></MenuItems><InterfaceLabels><InterfaceLabel Language="en_US" Label="Reminder Time" Description=""></InterfaceLabel></InterfaceLabels><Keys><Key Id="10123" KeyType="1"><Fields><Field Id="10214"></Field></Fields></Key><Key Id="10124" KeyType="3"><Fields><Field Id="10215"></Field></Fields></Key></Keys><Fields><Field Id="10213" Label="DisplayOrder" Description="System Field" Name="DisplayOrder" DataTypeName="Integer" DataType="1" IsNullable="false" IsList="false" IsLookup="false" IsCoReadOnly="false" IsAutoUpdate="false" IsSequence="true" IsSystemField="true"></Field><Field Id="10214" Label="ID" Description="System Field" Name="ID" DataTypeName="Integer" DataType="1" IsNullable="false" IsList="false" IsLookup="false" IsCoReadOnly="false" IsAutoUpdate="false" IsSequence="false" IsSystemField="true"></Field><Field Id="10215" Label="Name" Description="System Field" Name="Name" DataTypeName="Text Field" DataType="2" IsNullable="false" IsList="false" IsLookup="true" IsCoReadOnly="false" IsAutoUpdate="false" IsSequence="false" IsSystemField="true" MaxLength="40" Usage="PlainText" Pattern=""></Field></Fields><Notes></Notes></CustomObject><!--oRJNquAu/4nkBSUU3VFShX+H0ShGMI8N-->