<Script Id="635102801121653161" HeaderVisibility="NoPages" FooterVisibility="AllPages" xmlns:dbaudit="http://www.rightnow.com/schemas/dbaudit" ServerVersion="Oracle RightNow CX Cloud Service August 2013 (Build 128 - 08/12/2013 21:10)&#xD;&#xA; CE Version: allsites-rnw-release-13-8-0-1 PL: " ClientVersion="13.8.0.128" Type="Incident" UIType="Incident" IsMultiEdit="False">
  <RecordTypes>
    <RecordType Id="1" Name="Incident" />
    <RecordType Id="6" Name="Contact" />
    <RecordType Id="7" Name="Org" />
  </RecordTypes><Ribbon><RibbonTab TextLabelName="HOME_LBL"><RibbonGroup TextLabelName="SAVE_CMD"><RibbonButtonItem ItemId="Save" /><RibbonButtonItem ItemId="SaveAndClose" /></RibbonGroup><RibbonGroup TextLabelName="ACTIONS_LBL"><RibbonButtonItem ItemId="New" /><RibbonButtonItem ItemId="Refresh" /><RibbonButtonItem ItemId="Forward" /><RibbonButtonItem ItemId="Print" ButtonSize="Small" /><RibbonButtonItem ItemId="Copy" ButtonSize="Small" /><RibbonButtonItem ItemId="Delete" ButtonSize="Small" /></RibbonGroup><RibbonGroup TextLabelName="PROOFING_LBL"><RibbonButtonItem ItemId="SpellCheck" /></RibbonGroup><RibbonGroup TextLabelName="RELATED_ACTIVITIES_LBL"><RibbonButtonItem ItemId="Propose" /><RibbonButtonItem ItemId="OfferAdvisor" ButtonSize="Small" /><RibbonButtonItem ItemId="NewServiceOpp" ButtonSize="Small" /><RibbonButtonItem ItemId="Appointment" ButtonSize="Small" /></RibbonGroup><RibbonGroup TextLabelName="LINKS_AND_INFO_LBL"><RibbonButtonItem ItemId="EditorLinks"><Links><LinkItem Title="Oracle RightNow CX Cloud Service" Url="http://www.oracle.com/rightnowcx" /></Links></RibbonButtonItem><RibbonButtonItem ItemId="Separator" /><RibbonButtonItem ItemId="Info" /></RibbonGroup></RibbonTab></Ribbon><QuickAccessToolbar><QuickAccessToolbarItem ItemId="New" /><QuickAccessToolbarItem ItemId="Save" /><QuickAccessToolbarItem ItemId="SaveAndClose" /><QuickAccessToolbarItem ItemId="Print" /></QuickAccessToolbar><HeaderPanel ForeColor="ControlText" AutoScroll="False" Height="100" BackColorOption="White" Padding="10, 10, 10, 10"><Table ColumnCount="1" RowCount="1" BackColor="Transparent" ForeColor="ControlText"><ProgressLabel Row="0" Column="0" ForeColor="ControlText" FormatString="Page {PageNumber} of {NumberOfPages}" AutoSize="True" Text="Page {PageNumber} of {NumberOfPages}" Font="Calibri, 16pt" Height="108" Width="168" /></Table></HeaderPanel><FooterPanel ForeColor="ControlText" AutoScroll="False" Height="100" BackColorOption="White" Padding="10, 10, 10, 10"><Table ColumnCount="1" RowCount="1" BackColor="Transparent" ForeColor="ControlText"><NavigationPanel Row="0" Column="0" NavButtonStyle="Standard" ShowBeginningExitButtons="True" ForeColor="ControlText" Height="80" Font="Microsoft Sans Serif, 8pt" BackColor="White" AutoSize="True" Width="1140" /></Table></FooterPanel><Page Id="1" PageType="BranchPage" Name="Page 1" HeaderVisible="False" FooterVisible="True"><RecordTypes><RecordType Id="1" Name="Incident" /><RecordType Id="6" Name="Contact" /><RecordType Id="7" Name="Org" /></RecordTypes><Table ColumnCount="1" RowCount="1" BackColor="Transparent" ForeColor="ControlText"><FormattedText Row="0" Column="0" UseRtf="True" TextAlign="TopLeft" ForeColor="WindowText" Rtf="{\rtf1\ansi\ansicpg1252\deff0{\fonttbl{\f0\fnil\fcharset0 Calibri;}}&#xD;&#xA;\viewkind4\uc1\pard\lang1033\f0\fs22 Thank you for calling Pella.  This is $currentuser.firstname.  Is this $contacts.name.first $contacts.name.last?\par&#xD;&#xA;I just need to confirm your address.  I show your address as $contacts.addr.street, $contacts.addr.prov_id, is this correct?\par&#xD;&#xA;\par&#xD;&#xA;}&#xD;&#xA;" Height="54" Margin="8, 8, 8, 8" AutoSize="True" Anchor="Top, Left, Right" Text="Thank you for calling Pella.  This is $currentuser.firstname.  Is this $contacts.name.first $contacts.name.last?&#xA;I just need to confirm your address.  I show your address as $contacts.addr.street, $contacts.addr.prov_id, is this correct?&#xA;" BackColor="White" Width="1144" /></Table><Page Id="2" PageType="NormalPage" Name="Page 2" HeaderVisible="False" FooterVisible="True"><RecordTypes><RecordType Id="1" Name="Incident" /><RecordType Id="6" Name="Contact" /><RecordType Id="7" Name="Org" /></RecordTypes><Table ColumnCount="1" RowCount="1" BackColor="Transparent" ForeColor="ControlText"><FormattedText Row="0" Column="0" UseRtf="True" TextAlign="TopLeft" ForeColor="WindowText" Rtf="{\rtf1\ansi\ansicpg1252\deff0{\fonttbl{\f0\fnil\fcharset0 Calibri;}}&#xD;&#xA;\viewkind4\uc1\pard\lang1033\f0\fs22 Ok, $contacts.name.first.  How may I help you today?\par&#xD;&#xA;}&#xD;&#xA;" Height="27" Margin="8, 8, 8, 8" AutoSize="True" Anchor="Top, Left, Right" Text="Ok, $contacts.name.first.  How may I help you today?" BackColor="White" Width="184" /></Table></Page><Page Id="3" PageType="NormalPage" Name="Page 3" HeaderVisible="False" FooterVisible="True"><RecordTypes><RecordType Id="1" Name="Incident" /><RecordType Id="6" Name="Contact" /><RecordType Id="7" Name="Org" /></RecordTypes><Table ColumnCount="1" RowCount="1" BackColor="Transparent" ForeColor="ControlText"><FormattedText Row="0" Column="0" UseRtf="True" TextAlign="TopLeft" ForeColor="WindowText" Rtf="{\rtf1\ansi\ansicpg1252\deff0{\fonttbl{\f0\fnil\fcharset0 Calibri;}}&#xD;&#xA;\viewkind4\uc1\pard\lang1033\f0\fs22 Your parts are being ordered now and should arrive within 7 business days.  In the meantime if you should have any further questions, or if you have any questions after you receive those parts, please give us a call or visit our Web page at www. pella.com.  If you would call for this same issue you can reference Event #$incidents.i_id.\par&#xD;&#xA;\par&#xD;&#xA;Thank you for calling Pella, have a great day! \par&#xD;&#xA;}&#xD;&#xA;" Height="72" Margin="8, 8, 8, 8" AutoSize="True" Anchor="Top, Left, Right" Text="Your parts are being ordered now and should arrive within 7 business days.  In the meantime if you should have any further questions, or if you have any questions after you receive those parts, please give us a call or visit our Web page at www. pella.com.  If you would call for this same issue you can reference Event #$incidents.i_id.&#xA;&#xA;Thank you for calling Pella, have a great day! " BackColor="White" Width="184" /></Table></Page></Page></Script>