<?xml version="1.0" encoding="utf-8"?><Workflow xmlns:dbaudit="http://www.rightnow.com/schemas/dbaudit" ServerVersion="Oracle Service Cloud 21B (Build 244 - 04/16/2021 02:33)" ClientVersion="21.5.0.244"><EntryPoint x="80" y="80" Width="135" Height="105" LabelPosition="1" LabelFont="Verdana, 8pt" LabelColor="#000000" LabelAlignment="left" Id="52" Label="Entry Point"><UseDefaultLabel>True</UseDefaultLabel><Notes /><Paths><Path From="52" FromAnchor="2" To="99" Style="rounded_square" LabelLocation="5:10" Label="Connector" UseDefaultLabel="True" LabelFont="Verdana, 8pt" LabelColor="buttontext"><ControlPoint x='200' y='132' /><ControlPoint x='250' y='132' /><ControlPoint x='250' y='132' /><ControlPoint x='300' y='132' /><Triggers /><Conditions LogicalExpression="" /></Path></Paths></EntryPoint><WorkspaceElement x="300" y="80" Width="135" Height="105" LabelPosition="1" LabelFont="Verdana, 8pt" LabelColor="buttontext" LabelAlignment="left" Id="99" Label="ClalDemoContact"><WorkingRecord>||||False||True||IId</WorkingRecord><UseDefaultLabel>True</UseDefaultLabel><WorkspaceCwfId>100020</WorkspaceCwfId><WorkspaceName>ClalDemoContact</WorkspaceName><WorkspaceUIType>Contact</WorkspaceUIType><EnableSave>True</EnableSave><ShowInPopup>False</ShowInPopup><OpenInSubTab>False</OpenInSubTab><FocusSubTab>False</FocusSubTab><Notes /><Paths><Path From="99" To="101" Style="rounded_square" LabelLocation="5:10" Label="WHEN The editor loads &#xD;&#xA;IF  The logged in account equals Praveena Radhakrishnan " UseDefaultLabel="True" LabelFont="Verdana, 8pt" LabelColor="buttontext"><ControlPoint x='435' y='132' /><ControlPoint x='498' y='132' /><ControlPoint x='498' y='132' /><ControlPoint x='560' y='132' /><Triggers><Trigger Type="EditorLoaded" /></Triggers><Conditions LogicalExpression="0"><Condition><Source Type="Account">Current</Source><Property>IdList</Property><Operator>EQ</Operator><Value>3</Value></Condition></Conditions></Path></Paths></WorkspaceElement><ScriptElement x="560" y="80" Width="135" Height="105" LabelPosition="1" LabelFont="Verdana, 8pt" LabelColor="buttontext" LabelAlignment="left" Id="101" Label="Copy Check"><WorkingRecord>||||False||True||IId</WorkingRecord><UseDefaultLabel>True</UseDefaultLabel><ScriptCwfId>100002</ScriptCwfId><ScriptName>Copy Check</ScriptName><ScriptUIType>Incident</ScriptUIType><EnableSave>True</EnableSave><ShowInPopup>False</ShowInPopup><OpenInSubTab>False</OpenInSubTab><FocusSubTab>False</FocusSubTab><Notes /><Paths /></ScriptElement></Workflow>