<StandardText>
    <attributes>
        <displayRightToLeft>false</displayRightToLeft>
    </attributes>
    <contentValues>
        <contentType>
            <id>1</id>
        </contentType>
        <value>This is for Demo</value>
    </contentValues>
    <displayOrder>7</displayOrder>
    <id>104</id>
    <name>clalDemoStandardText</name>
    <usage>
        <chatText>true</chatText>
        <chatUrl>false</chatUrl>
        <incidentText>true</incidentText>
        <ruleText>true</ruleText>
    </usage>
</StandardText>