<Workspace xmlns:dbaudit="http://www.rightnow.com/schemas/dbaudit" BrowserCompatibilityMode="False" ClientVersion="21.5.0.244" IsMultiEdit="False" ServerVersion="Oracle Service Cloud 21B (Build 244 - 04/16/2021 02:33)" SpellCheckAllowCancel="False" SpellCheckOnSave="False" Type="Contact" UIType="Contact">
  <RecordTypes>
    <RecordType Id="6" Name="Contact"/>
    <RecordType Id="7" Name="Org"/>
    <RecordType Id="1" Name="Incident"/>
    <RecordType Id="5" Name="Opportunity"/>
    <RecordType Id="8" Name="Task"/>
    <RecordType Id="49" Name="Chat"/>
    <RecordType Id="126" Name="Asset"/>
    <RecordType Id="152" Name="Interaction"/>
    <RecordType Id="10005" Name="TOA$Work_Order"/>
  </RecordTypes><Ribbon><RibbonTab TextLabelName="HOME_LBL"><RibbonGroup TextLabelName="SAVE_CMD"><RibbonButtonItem ButtonSize="Large" ItemId="Save"/><RibbonButtonItem ButtonSize="Large" ItemId="SaveAndClose"/></RibbonGroup><RibbonGroup TextLabelName="ACTIONS_LBL"><RibbonButtonItem ButtonSize="Large" ItemId="New"/><RibbonButtonItem ButtonSize="Large" ItemId="Refresh"/><RibbonButtonItem ButtonSize="Large" ItemId="Appointment"/><RibbonButtonItem ButtonSize="Small" ItemId="Print"/><RibbonButtonItem ButtonSize="Small" ItemId="Copy"/><RibbonButtonItem ButtonSize="Small" ItemId="Delete"/><RibbonButtonItem ItemId="Separator"/><RibbonButtonItem ButtonSize="Large" ItemId="ResetPassword"/></RibbonGroup><RibbonGroup TextLabelName="PROOFING_LBL"><RibbonButtonItem ButtonSize="Large" ItemId="SpellCheck"/></RibbonGroup><RibbonGroup TextLabelName="LINKS_AND_INFO_LBL"><RibbonButtonItem ButtonSize="Large" ItemId="EditorLinks"><Links><LinkItem Title="Oracle Service Cloud" Url="http://cloud.oracle.com/service"/></Links></RibbonButtonItem><RibbonButtonItem ItemId="Separator"/><RibbonButtonItem ButtonSize="Large" ItemId="Info"/></RibbonGroup></RibbonTab></Ribbon><QuickAccessToolbar><QuickAccessToolbarItem ItemId="New"/><QuickAccessToolbarItem ItemId="Save"/><QuickAccessToolbarItem ItemId="SaveAndClose"/><QuickAccessToolbarItem ItemId="Print"/><QuickAccessToolbarItem ItemId="Bookmark"/></QuickAccessToolbar><Flag/><Info><InfoItem FieldId="CId" ObjectId="Contact"/><InfoItem FieldId="Created" ObjectId="Contact"/><InfoItem FieldId="Updated" ObjectId="Contact"/><InfoItem FieldId="RuleState" ObjectId="Contact"/></Info><TabSet CanReorderTabs="True" Margin="0, 0, 0, 0" SummaryPanelAlignment="Top" SummaryPanelHeight="205" SummaryTab="0" TabIndex="3" ThresholdHeight="360" WrapTabs="True"><Tab TextColor="" TextLabelName="SUMMARY_LBL"><Table BackColor="White" ColumnCount="2" ForeColor="ControlText" RowCount="7"><Field AcceptsReturn="False" Column="0" FieldId="Name.First" Multiline="False" ObjectId="Contact" RequiredOption="OnNew:~any~;OnEdit:~any~" Row="0" SpellCheck="False" TabIndex="1" TrimTextWhitespace="True"/><Field Column="1" FieldId="State" ObjectId="Contact" Row="0" TabIndex="7"/><Field AcceptsReturn="False" Column="0" FieldId="Name.Last" Multiline="False" ObjectId="Contact" RequiredOption="OnNew:~any~;OnEdit:~any~" Row="1" SpellCheck="False" TabIndex="2" TrimTextWhitespace="True"/><Field Column="1" FieldId="OrgId" ObjectId="Contact" ReportId="8001" Row="1" TabIndex="8"/><Field Column="0" FieldId="Email" ObjectId="Contact" Row="2" TabIndex="3"/><Field Column="1" DefaultValue="" FieldId="SalesAcctId" ObjectId="Contact" Row="2" TabIndex="9"/><Field Column="0" DefaultPhoneType="0" FieldId="PhOffice" ObjectId="Contact" Row="3" TabIndex="4"/><Field AcceptsReturn="False" Column="1" FieldId="Title" Multiline="False" ObjectId="Contact" Row="3" SpellCheck="False" TabIndex="10" TrimTextWhitespace="True"/><Field Column="0" FieldId="Addr" Height="50" ObjectId="Contact" Row="4" RowSpan="2" TabIndex="5"/><Field AcceptsReturn="False" Column="1" FieldId="Login" Multiline="False" ObjectId="Contact" RequiredOption="" Row="4" SpellCheck="False" TabIndex="11" TrimTextWhitespace="True"/><RelationshipItem Column="1" ItemType="SlaContainer" LayoutLabelAlignment="Right" LayoutLabelPosition="Left" Row="5" TabIndex="12"/><Field Column="0" FieldId="CtypeId" ObjectId="Contact" Row="6" TabIndex="6"/><Field BooleanRenderView="Dropdown" Column="1" FieldId="MaOptIn" ObjectId="Contact" Row="6" TabIndex="12"/></Table></Tab><Tab TextColor="Black" TextLabelName="OPPORTUNITIES_LBL"><Table BackColor="Transparent" ColumnCount="0" ForeColor="ControlText" RowCount="1"><RelationshipItem AcId="9030" Column="0" DelayReportExecution="True" ExecuteOnNew="False" ItemType="OpportunitiesView" Margin="0, 0, 0, 0" Padding="6, 3, 6, 0" Row="0" SearchReportId="0" ShowRowCount="True" TabIndex="0"/></Table></Tab><Tab TextColor="Black" TextLabelName="NOTES_LBL"><Table BackColor="Transparent" ColumnCount="0" ForeColor="ControlText" RowCount="1"><RelationshipItem Column="0" DefaultChannelForNote="NoDefault" ItemType="ContactNotes" Margin="0, 0, 0, 0" Padding="6, 3, 6, 0" Row="0" TabIndex="0"/></Table></Tab><Tab TextColor="" TextLabelName="TASKS_LBL"><Table BackColor="Transparent" ColumnCount="0" ForeColor="ControlText" Margin="0, 0, 0, 0" RowCount="1"><RelationshipItem AcId="9016" Column="0" ExecuteOnNew="False" ItemType="Tasks" Margin="0, 0, 0, 0" Padding="6, 3, 6, 0" Row="0" SearchReportId="8012" ShowRowCount="True" TabIndex="0"/></Table></Tab><Tab TextColor="Black" TextLabelName="INCIDENTS_LBL"><Table BackColor="Transparent" ColumnCount="0" ForeColor="ControlText" RowCount="1"><RelationshipItem AcId="9029" Column="0" DelayReportExecution="True" ExecuteOnNew="False" ItemType="IncidentView" Margin="0, 0, 0, 0" Padding="6, 3, 6, 0" Row="0" SearchReportId="0" ShowRowCount="True" TabIndex="0"/></Table></Tab><Tab TextColor="Black" TextLabelName="SURVEYS_LBL"><Table BackColor="Transparent" ColumnCount="0" ForeColor="ControlText" RowCount="1"><RelationshipItem AcId="10012" Column="0" DelayReportExecution="True" ExecuteOnNew="False" HideReportCommands="True" ItemType="SurveyHistoryView" Margin="0, 0, 0, 0" Padding="6, 3, 6, 0" Row="0" ShowRowCount="True" TabIndex="0"/></Table></Tab><Tab TextColor="Black" TextLabelName="OUTREACH_ACTIVITY_LBL"><Table BackColor="Transparent" ColumnCount="0" ForeColor="ControlText" RowCount="1"><RelationshipItem AcId="10009" Column="0" DelayReportExecution="True" ExecuteOnNew="False" HideReportCommands="True" ItemType="MarketingActivityView" Margin="0, 0, 0, 0" Padding="6, 3, 6, 0" Row="0" ShowRowCount="True" TabIndex="0"/></Table></Tab><Tab TextColor="Black" TextLabelName="ATTACHMENTS_LBL"><Table BackColor="Transparent" ColumnCount="0" ForeColor="ControlText" RowCount="1"><RelationshipItem Column="0" ItemType="FileAttachments" Margin="0, 0, 0, 0" Padding="6, 3, 6, 0" Row="0" TabIndex="0"/></Table></Tab><Tab TextColor="Black" TextLabelName="AUDIT_LOG_LBL"><Table BackColor="Transparent" ColumnCount="0" ForeColor="ControlText" RowCount="1"><RelationshipItem AcId="9050" Column="0" ExecuteOnNew="False" ItemType="ContactAuditLog" Margin="0, 0, 0, 0" Padding="6, 3, 6, 0" Row="0" ShowReadTransactions="False" TabIndex="0"/></Table></Tab><Tab Id="637926731527730692" Text="New Tab 1" TextColor="Black"><Table ColumnCount="1" ForeColor="ControlText" RowCount="1"><Report AcId="100083" Column="0" DelayReportExecution="True" ExecuteOnNew="False" FilterOnPrimaryKeyOnly="False" Id="637926731800873620" Row="0" SearchReportId="0" ShowRowCount="False" TabIndex="0"/></Table></Tab><Tab Id="637926731857706155" Text="New Tab 2" TextColor="Black"><Table ColumnCount="1" ForeColor="ControlText" RowCount="1"><AddinItem Anchor="Top, Left" AutoSize="False" BuiExtension="True" Column="0" FileId="18" Height="23" ItemType="DecimalExtension" Row="0" Width="101"/></Table></Tab></TabSet></Workspace>