<Workspace xmlns:dbaudit="http://www.rightnow.com/schemas/dbaudit" ServerVersion="Oracle Service Cloud 21B (Build 244 - 04/16/2021 02:33)" ClientVersion="21.5.0.244" Type="Incident" UIType="Incident" IsMultiEdit="False" SpellCheckOnSave="False" SpellCheckAllowCancel="False" BrowserCompatibilityMode="False">
  <RecordTypes>
    <RecordType Id="1" Name="Incident" />
    <RecordType Id="126" Name="Asset" />
    <RecordType Id="6" Name="Contact" />
    <RecordType Id="7" Name="Org" />
    <RecordType Id="8" Name="Task" />
    <RecordType Id="49" Name="Chat" />
    <RecordType Id="152" Name="Interaction" />
    <RecordType Id="10001" Name="Gitlab$MR_records" />
    <RecordType Id="10005" Name="TOA$Work_Order" />
  </RecordTypes><Ribbon><RibbonTab TextLabelName="HOME_LBL"><RibbonGroup TextLabelName="SAVE_CMD"><RibbonButtonItem ItemId="Save" /><RibbonButtonItem ItemId="SaveAndClose" /></RibbonGroup><RibbonGroup TextLabelName="ACTIONS_LBL"><RibbonButtonItem ItemId="New" /><RibbonButtonItem ItemId="Refresh" /><RibbonButtonItem ItemId="Forward" /><RibbonButtonItem ItemId="Print" ButtonSize="Small" /><RibbonButtonItem ItemId="Copy" ButtonSize="Small" /><RibbonButtonItem ItemId="Delete" ButtonSize="Small" /></RibbonGroup><RibbonGroup TextLabelName="PROOFING_LBL"><RibbonButtonItem ItemId="SpellCheck" /></RibbonGroup><RibbonGroup TextLabelName="RELATED_ACTIVITIES_LBL"><RibbonButtonItem ItemId="DecisionTree"><Behavior SelectTree="True" SearchTree="True" SearchReportId="8013" /></RibbonButtonItem><RibbonButtonItem ItemId="Propose" /><RibbonButtonItem ItemId="BestAnswer" /><RibbonButtonItem ItemId="OfferAdvisor" ButtonSize="Small" /><RibbonButtonItem ItemId="NewServiceOpp" ButtonSize="Small" /><RibbonButtonItem ItemId="Appointment" ButtonSize="Small" /></RibbonGroup><RibbonGroup TextLabelName="LINKS_AND_INFO_LBL"><RibbonButtonItem ItemId="EditorLinks"><Links><LinkItem Title="Oracle Service Cloud" Url="http://cloud.oracle.com/service" /></Links></RibbonButtonItem><RibbonButtonItem ItemId="Separator" /><RibbonButtonItem ItemId="Info" /></RibbonGroup></RibbonTab></Ribbon><QuickAccessToolbar><QuickAccessToolbarItem ItemId="New" /><QuickAccessToolbarItem ItemId="Save" /><QuickAccessToolbarItem ItemId="SaveAndClose" /><QuickAccessToolbarItem ItemId="SaveAndSend" /><QuickAccessToolbarItem ItemId="SaveAndSendAndClose" /><QuickAccessToolbarItem ItemId="Bookmark" /></QuickAccessToolbar><Flag /><Info><InfoItem ObjectId="Incident" FieldId="IId" /><InfoItem ObjectId="Incident" FieldId="Created" /><InfoItem ObjectId="Incident" FieldId="Updated" /><InfoItem ObjectId="Incident" FieldId="InitialSoln" /><InfoItem ObjectId="Incident" FieldId="LastResp" /><InfoItem ObjectId="Incident" FieldId="RelDue" /><InfoItem ObjectId="Incident" FieldId="Closed" /><InfoItem ObjectId="Incident" FieldId="CreatedBy" /><InfoItem ObjectId="Incident" FieldId="RuleCtx.Escllevel" /><InfoItem ObjectId="Incident" FieldId="RuleCtx.State" /></Info><TabSet CanReorderTabs="True" WrapTabs="True" SummaryPanelAlignment="Top" ThresholdHeight="310" SummaryPanelHeight="210" Margin="0, 0, 0, 0" TabIndex="3" SummaryTab="0"><Tab Text="Summary" TextColor=""><Table BackColor="White" ColumnCount="0" RowCount="4" ForeColor="Black"><Field Row="0" Column="0" ObjectId="Incident" FieldId="IId" TabIndex="0" TrimTextWhitespace="False" SpellCheck="False" Multiline="False" AcceptsReturn="False" /><Field Row="1" Column="0" ObjectId="Incident" FieldId="Subject" TabIndex="1" SpellCheck="False" Multiline="False" /><Field Row="2" Column="0" ObjectId="Incident" FieldId="ProdId" TabIndex="2" RequiredForSolved="False" /><Field Row="3" Column="0" ObjectId="Incident" FieldId="CatId" TabIndex="3" RequiredForSolved="False" /></Table></Tab><Tab Text="EMReport" TextColor="" Id="637926610845564521"><Table BackColor="Transparent" ColumnCount="1" RowCount="1" ForeColor="Black"><Report Row="0" Column="0" FilterOnPrimaryKeyOnly="False" SearchReportId="0" AcId="100047" ExecuteOnNew="False" DelayReportExecution="True" ShowRowCount="False" TabIndex="0" Id="637926611086645592" /></Table></Tab><Tab Text="Extension" TextColor="Black" Id="637926610872432260"><Table BackColor="Transparent" ColumnCount="1" RowCount="1" ForeColor="Black"><AddinItem ItemType="DecimalExtension" BuiExtension="True" FileId="2" Row="0" Column="0" Anchor="Top, Left" AutoSize="False" Height="23" Width="101" /></Table></Tab></TabSet></Workspace>