<Workspace xmlns:dbaudit="http://www.rightnow.com/schemas/dbaudit" ServerVersion="Oracle Service Cloud 21D SP4 (Build 280 - 04/29/2022 15:14)&#xD;&#xA; CE Version: allsites-rnw-release-21-11-0-1-sp4 PL: " ClientVersion="21.11.0.280" Type="Contact" UIType="Contact" IsMultiEdit="False" SpellCheckOnSave="False" SpellCheckAllowCancel="False" BrowserCompatibilityMode="False">
  <RecordTypes>
    <RecordType Id="6" Name="Contact" />
    <RecordType Id="7" Name="Org" />
    <RecordType Id="1" Name="Incident" />
    <RecordType Id="5" Name="Opportunity" />
    <RecordType Id="8" Name="Task" />
    <RecordType Id="49" Name="Chat" />
    <RecordType Id="126" Name="Asset" />
    <RecordType Id="152" Name="Interaction" />
  </RecordTypes><Ribbon><RibbonTab TextLabelName="HOME_LBL"><RibbonGroup TextLabelName="SAVE_CMD"><RibbonButtonItem ButtonSize="Large" ItemId="Save" /><RibbonButtonItem ButtonSize="Large" ItemId="SaveAndClose" /></RibbonGroup><RibbonGroup TextLabelName="ACTIONS_LBL"><RibbonButtonItem ButtonSize="Large" ItemId="New" /><RibbonButtonItem ButtonSize="Large" ItemId="Refresh" /><RibbonButtonItem ButtonSize="Large" ItemId="Appointment" /><RibbonButtonItem ButtonSize="Small" ItemId="Print" /><RibbonButtonItem ButtonSize="Small" ItemId="Copy" /><RibbonButtonItem ButtonSize="Small" ItemId="Delete" /><RibbonButtonItem ItemId="Separator" /><RibbonButtonItem ButtonSize="Large" ItemId="ResetPassword" /></RibbonGroup><RibbonGroup TextLabelName="PROOFING_LBL"><RibbonButtonItem ButtonSize="Large" ItemId="SpellCheck" /></RibbonGroup><RibbonGroup TextLabelName="LINKS_AND_INFO_LBL"><RibbonButtonItem ButtonSize="Large" ItemId="EditorLinks"><Links><LinkItem Title="Oracle Service Cloud" Url="http://cloud.oracle.com/service" /></Links></RibbonButtonItem><RibbonButtonItem ItemId="Separator" /><RibbonButtonItem ButtonSize="Large" ItemId="Info" /></RibbonGroup></RibbonTab></Ribbon><QuickAccessToolbar><QuickAccessToolbarItem ItemId="New" /><QuickAccessToolbarItem ItemId="Save" /><QuickAccessToolbarItem ItemId="SaveAndClose" /><QuickAccessToolbarItem ItemId="Print" /><QuickAccessToolbarItem ItemId="Bookmark" /></QuickAccessToolbar><Flag /><Info><InfoItem ObjectId="Contact" FieldId="CId" /><InfoItem ObjectId="Contact" FieldId="Created" /><InfoItem ObjectId="Contact" FieldId="Updated" /><InfoItem ObjectId="Contact" FieldId="RuleState" /></Info><TabSet CanReorderTabs="True" Margin="0, 0, 0, 0" SummaryPanelAlignment="Top" SummaryPanelHeight="205" TabIndex="3" ThresholdHeight="360" WrapTabs="True" SummaryTab="0"><Tab TextColor="" TextLabelName="SUMMARY_LBL"><Table BackColor="White" ColumnCount="2" ForeColor="ControlText" RowCount="7"><Field Row="0" Column="0" FieldId="Name.First" ObjectId="Contact" TabIndex="1" RequiredOption="OnNew:~any~;OnEdit:~any~" Multiline="False" SpellCheck="False" AcceptsReturn="False" TrimTextWhitespace="True" /><Field Row="0" Column="1" FieldId="State" ObjectId="Contact" TabIndex="7" /><Field Row="1" Column="0" FieldId="Name.Last" ObjectId="Contact" TabIndex="2" RequiredOption="OnNew:~any~;OnEdit:~any~" Multiline="False" SpellCheck="False" AcceptsReturn="False" TrimTextWhitespace="True" /><Field Row="1" Column="1" FieldId="OrgId" ObjectId="Contact" TabIndex="8" ReportId="8001" /><Field Row="2" Column="0" FieldId="Email" ObjectId="Contact" TabIndex="3" /><Field Row="2" Column="1" FieldId="SalesAcctId" ObjectId="Contact" TabIndex="9" DefaultValue="" /><Field Row="3" Column="0" FieldId="PhOffice" ObjectId="Contact" TabIndex="4" DefaultPhoneType="0" /><Field Row="3" Column="1" FieldId="Title" ObjectId="Contact" TabIndex="10" Multiline="False" SpellCheck="False" AcceptsReturn="False" TrimTextWhitespace="True" /><Field Row="4" Column="0" RowSpan="2" FieldId="Addr" ObjectId="Contact" TabIndex="5" Height="50" /><Field Row="4" Column="1" FieldId="Login" ObjectId="Contact" TabIndex="11" RequiredOption="" Multiline="False" SpellCheck="False" AcceptsReturn="False" TrimTextWhitespace="True" /><RelationshipItem ItemType="SlaContainer" Row="5" Column="1" LayoutLabelAlignment="Right" LayoutLabelPosition="Left" TabIndex="12" /><Field Row="6" Column="0" FieldId="CtypeId" ObjectId="Contact" TabIndex="6" /><Field Row="6" Column="1" FieldId="MaOptIn" ObjectId="Contact" TabIndex="12" BooleanRenderView="Dropdown" /></Table></Tab><Tab TextColor="Black" TextLabelName="OPPORTUNITIES_LBL"><Table BackColor="Transparent" ColumnCount="0" ForeColor="ControlText" RowCount="1"><RelationshipItem ItemType="OpportunitiesView" Row="0" Column="0" AcId="9030" DelayReportExecution="True" ExecuteOnNew="False" Margin="0, 0, 0, 0" Padding="6, 3, 6, 0" SearchReportId="0" ShowRowCount="True" TabIndex="0" /></Table></Tab><Tab TextColor="Black" TextLabelName="NOTES_LBL"><Table BackColor="Transparent" ColumnCount="0" ForeColor="ControlText" RowCount="1"><RelationshipItem ItemType="ContactNotes" Row="0" Column="0" DefaultChannelForNote="NoDefault" Margin="0, 0, 0, 0" Padding="6, 3, 6, 0" TabIndex="0" /></Table></Tab><Tab TextColor="" TextLabelName="TASKS_LBL"><Table BackColor="Transparent" ColumnCount="0" ForeColor="ControlText" RowCount="1" Margin="0, 0, 0, 0"><RelationshipItem ItemType="Tasks" Row="0" Column="0" AcId="9016" ExecuteOnNew="False" SearchReportId="8012" ShowRowCount="True" TabIndex="0" Margin="0, 0, 0, 0" Padding="6, 3, 6, 0" /></Table></Tab><Tab TextColor="Black" TextLabelName="INCIDENTS_LBL" Id="637931325307471993"><Table BackColor="Transparent" ColumnCount="0" ForeColor="ControlText" RowCount="1"><RelationshipItem ItemType="IncidentView" Row="0" Column="0" AcId="9029" DelayReportExecution="True" ExecuteOnNew="False" Margin="0, 0, 0, 0" Padding="6, 3, 6, 0" SearchReportId="0" ShowRowCount="True" TabIndex="0" /></Table></Tab><Tab TextColor="Black" TextLabelName="SURVEYS_LBL"><Table BackColor="Transparent" ColumnCount="0" ForeColor="ControlText" RowCount="1"><RelationshipItem ItemType="SurveyHistoryView" Row="0" Column="0" AcId="10012" DelayReportExecution="True" ExecuteOnNew="False" HideReportCommands="True" Margin="0, 0, 0, 0" Padding="6, 3, 6, 0" ShowRowCount="True" TabIndex="0" /></Table></Tab><Tab TextColor="Black" TextLabelName="OUTREACH_ACTIVITY_LBL"><Table BackColor="Transparent" ColumnCount="0" ForeColor="ControlText" RowCount="1"><RelationshipItem ItemType="MarketingActivityView" Row="0" Column="0" AcId="10009" DelayReportExecution="True" ExecuteOnNew="False" HideReportCommands="True" Margin="0, 0, 0, 0" Padding="6, 3, 6, 0" ShowRowCount="True" TabIndex="0" /></Table></Tab><Tab TextColor="Black" TextLabelName="ATTACHMENTS_LBL"><Table BackColor="Transparent" ColumnCount="0" ForeColor="ControlText" RowCount="1"><RelationshipItem ItemType="FileAttachments" Row="0" Column="0" TabIndex="0" Margin="0, 0, 0, 0" Padding="6, 3, 6, 0" /></Table></Tab><Tab TextColor="Black" TextLabelName="AUDIT_LOG_LBL"><Table BackColor="Transparent" ColumnCount="0" ForeColor="ControlText" RowCount="1"><RelationshipItem ItemType="ContactAuditLog" Row="0" Column="0" AcId="9050" ExecuteOnNew="False" Margin="0, 0, 0, 0" Padding="6, 3, 6, 0" ShowReadTransactions="False" TabIndex="0" /></Table></Tab><Tab Text="New Tab 1" TextColor="Black" Id="637926731527730692"><Table BackColor="Transparent" ColumnCount="1" ForeColor="ControlText" RowCount="1"><Report Row="0" Column="0" AcId="100108" DelayReportExecution="True" ExecuteOnNew="False" FilterOnPrimaryKeyOnly="False" SearchReportId="0" ShowRowCount="False" TabIndex="0" Id="637926731800873620" /></Table></Tab></TabSet></Workspace>