<Workspace xmlns:dbaudit="http://www.rightnow.com/schemas/dbaudit" ServerVersion="Oracle Service Cloud 21B (Build 244 - 04/16/2021 02:33)" ClientVersion="21.5.0.244" Type="Contact" UIType="Contact" IsMultiEdit="False" SpellCheckOnSave="False" SpellCheckAllowCancel="False" BrowserCompatibilityMode="False">
  <RecordTypes>
    <RecordType Id="6" Name="Contact" />
    <RecordType Id="7" Name="Org" />
    <RecordType Id="1" Name="Incident" />
    <RecordType Id="5" Name="Opportunity" />
    <RecordType Id="8" Name="Task" />
    <RecordType Id="49" Name="Chat" />
    <RecordType Id="126" Name="Asset" />
    <RecordType Id="152" Name="Interaction" />
    <RecordType Id="10005" Name="TOA$Work_Order" />
  </RecordTypes><Ribbon><RibbonTab TextLabelName="HOME_LBL"><RibbonGroup TextLabelName="SAVE_CMD"><RibbonButtonItem ItemId="Save" ButtonSize="Large" /><RibbonButtonItem ItemId="SaveAndClose" ButtonSize="Large" /></RibbonGroup><RibbonGroup TextLabelName="ACTIONS_LBL"><RibbonButtonItem ItemId="New" ButtonSize="Large" /><RibbonButtonItem ItemId="Refresh" ButtonSize="Large" /><RibbonButtonItem ItemId="Appointment" ButtonSize="Large" /><RibbonButtonItem ItemId="Print" ButtonSize="Small" /><RibbonButtonItem ItemId="Copy" ButtonSize="Small" /><RibbonButtonItem ItemId="Delete" ButtonSize="Small" /><RibbonButtonItem ItemId="Separator" /><RibbonButtonItem ItemId="ResetPassword" ButtonSize="Large" /></RibbonGroup><RibbonGroup TextLabelName="PROOFING_LBL"><RibbonButtonItem ItemId="SpellCheck" ButtonSize="Large" /></RibbonGroup><RibbonGroup TextLabelName="LINKS_AND_INFO_LBL"><RibbonButtonItem ItemId="EditorLinks" ButtonSize="Large"><Links><LinkItem Title="Oracle Service Cloud" Url="http://cloud.oracle.com/service" /></Links></RibbonButtonItem><RibbonButtonItem ItemId="Separator" /><RibbonButtonItem ItemId="Info" ButtonSize="Large" /></RibbonGroup></RibbonTab></Ribbon><QuickAccessToolbar><QuickAccessToolbarItem ItemId="New" /><QuickAccessToolbarItem ItemId="Save" /><QuickAccessToolbarItem ItemId="SaveAndClose" /><QuickAccessToolbarItem ItemId="Print" /><QuickAccessToolbarItem ItemId="Bookmark" /></QuickAccessToolbar><Flag /><Info><InfoItem ObjectId="Contact" FieldId="CId" /><InfoItem ObjectId="Contact" FieldId="Created" /><InfoItem ObjectId="Contact" FieldId="Updated" /><InfoItem ObjectId="Contact" FieldId="RuleState" /></Info><TabSet CanReorderTabs="True" WrapTabs="True" Margin="0, 0, 0, 0" TabIndex="3" ThresholdHeight="360" SummaryPanelHeight="205" SummaryPanelAlignment="FirstTab" SummaryTab="0"><Tab TextColor="" TextLabelName="SUMMARY_LBL"><Table ColumnCount="2" RowCount="7" BackColor="White" ForeColor="ControlText" AutoScroll="True"><Field Row="0" Column="0" ObjectId="Contact" FieldId="Name.First" TabIndex="1" RequiredOption="OnNew:~any~;OnEdit:~any~" SpellCheck="False" Multiline="False" TrimTextWhitespace="True" AcceptsReturn="False" /><Field Row="0" Column="1" ObjectId="Contact" FieldId="State" TabIndex="7" /><Field Row="1" Column="0" ObjectId="Contact" FieldId="Name.Last" TabIndex="2" RequiredOption="OnNew:~any~;OnEdit:~any~" SpellCheck="False" Multiline="False" TrimTextWhitespace="True" AcceptsReturn="False" /><Field Row="1" Column="1" ObjectId="Contact" FieldId="OrgId" TabIndex="8" ReportId="8001" /><Field Row="2" Column="0" ObjectId="Contact" FieldId="Email" TabIndex="3" /><Field Row="2" Column="1" ObjectId="Contact" FieldId="SalesAcctId" TabIndex="9" DefaultValue="" /><Field Row="3" Column="0" ObjectId="Contact" FieldId="PhOffice" TabIndex="4" DefaultPhoneType="0" /><Field Row="3" Column="1" ObjectId="Contact" FieldId="Title" TabIndex="10" SpellCheck="False" Multiline="False" TrimTextWhitespace="True" AcceptsReturn="False" /><Field Row="4" Column="0" RowSpan="2" ObjectId="Contact" FieldId="Addr" TabIndex="5" Height="68" /><Field Row="4" Column="1" ObjectId="Contact" FieldId="Login" TabIndex="11" RequiredOption="" SpellCheck="False" Multiline="False" TrimTextWhitespace="True" AcceptsReturn="False" /><RelationshipItem ItemType="SlaContainer" Row="5" Column="1" LayoutLabelAlignment="Right" LayoutLabelPosition="Left" TabIndex="12" /><Field Row="6" Column="0" ObjectId="Contact" FieldId="CtypeId" TabIndex="6" /><Field Row="6" Column="1" ObjectId="Contact" FieldId="MaOptIn" TabIndex="12" BooleanRenderView="Dropdown" /></Table></Tab><Tab TextColor="Black" TextLabelName="OPPORTUNITIES_LBL"><Table ColumnCount="0" RowCount="1" BackColor="Transparent" ForeColor="ControlText"><RelationshipItem ItemType="OpportunitiesView" Row="0" Column="0" AcId="9030" ShowRowCount="True" TabIndex="0" DelayReportExecution="True" SearchReportId="0" ExecuteOnNew="False" Margin="0, 0, 0, 0" Padding="6, 3, 6, 0" /></Table></Tab><Tab TextColor="Black" Text="Assets" Id="635538907611057745"><Table ColumnCount="1" RowCount="1" BackColor="Transparent" ForeColor="ControlText"><RelationshipItem ItemType="Assets" Row="0" Column="0" SearchReportId="8018" AcId="9042" ExecuteOnNew="False" DelayReportExecution="True" TabIndex="0" /></Table></Tab><Tab TextColor="Black" TextLabelName="NOTES_LBL"><Table ColumnCount="0" RowCount="1" BackColor="Transparent" ForeColor="ControlText"><RelationshipItem ItemType="ContactNotes" Row="0" Column="0" Margin="0, 0, 0, 0" Padding="6, 3, 6, 0" DefaultChannelForNote="NoDefault" TabIndex="0" /></Table></Tab><Tab TextColor="" TextLabelName="TASKS_LBL"><Table ColumnCount="0" RowCount="1" BackColor="Transparent" ForeColor="ControlText" Margin="0, 0, 0, 0"><RelationshipItem ItemType="Tasks" Row="0" Column="0" AcId="9016" SearchReportId="8012" ShowRowCount="True" TabIndex="0" ExecuteOnNew="False" Margin="0, 0, 0, 0" Padding="6, 3, 6, 0" /></Table></Tab><Tab TextColor="Black" Text="Work Orders" Id="635545469271736424"><Table ColumnCount="1" RowCount="1" BackColor="Transparent" ForeColor="Black"><Report Row="0" Column="0" SearchReportId="0" AcId="100034" ExecuteOnNew="False" ShowRowCount="True" TabIndex="0" DelayReportExecution="True" DeleteRecordsImmediately="False" NewRecordsInSeparateWorkgroup="False" OpenRecordsInSeparateWorkgroup="False" FilterOnPrimaryKeyOnly="False" Id="635545469540071772" /></Table></Tab><Tab TextColor="Black" TextLabelName="INCIDENTS_LBL"><Table ColumnCount="0" RowCount="1" BackColor="Transparent" ForeColor="ControlText"><RelationshipItem ItemType="IncidentView" Row="0" Column="0" AcId="9029" ShowRowCount="True" TabIndex="0" DelayReportExecution="True" SearchReportId="0" ExecuteOnNew="False" Margin="0, 0, 0, 0" Padding="6, 3, 6, 0" /></Table></Tab><Tab TextColor="Black" TextLabelName="SURVEYS_LBL"><Table ColumnCount="0" RowCount="1" BackColor="Transparent" ForeColor="ControlText"><Spacer Row="0" Column="0" Height="26" /></Table></Tab><Tab TextColor="Black" TextLabelName="OUTREACH_ACTIVITY_LBL"><Table ColumnCount="0" RowCount="1" BackColor="Transparent" ForeColor="ControlText"><Spacer Row="0" Column="0" Height="26" /></Table></Tab><Tab TextColor="Black" TextLabelName="ATTACHMENTS_LBL"><Table ColumnCount="0" RowCount="1" BackColor="Transparent" ForeColor="ControlText"><RelationshipItem ItemType="FileAttachments" Row="0" Column="0" TabIndex="0" Margin="0, 0, 0, 0" Padding="6, 3, 6, 0" /></Table></Tab><Tab TextColor="Black" TextLabelName="AUDIT_LOG_LBL"><Table ColumnCount="0" RowCount="1" BackColor="Transparent" ForeColor="ControlText"><RelationshipItem ItemType="ContactAuditLog" Row="0" Column="0" TabIndex="0" AcId="9050" Margin="0, 0, 0, 0" Padding="6, 3, 6, 0" ShowReadTransactions="False" ExecuteOnNew="False" /></Table></Tab></TabSet></Workspace>