<Workspace xmlns:dbaudit="http://www.rightnow.com/schemas/dbaudit" BrowserCompatibilityMode="False" ClientVersion="21.5.0.244" IsMultiEdit="False" ServerVersion="Oracle Service Cloud 21B (Build 244 - 04/16/2021 02:33)" SpellCheckAllowCancel="False" SpellCheckOnSave="False" Type="Incident" UIType="Incident">
  <RecordTypes>
    <RecordType Id="1" Name="Incident"/>
    <RecordType Id="126" Name="Asset"/>
    <RecordType Id="6" Name="Contact"/>
    <RecordType Id="7" Name="Org"/>
    <RecordType Id="8" Name="Task"/>
    <RecordType Id="49" Name="Chat"/>
    <RecordType Id="152" Name="Interaction"/>
    <RecordType Id="10004" Name="Gitlab$MR_records"/>
    <RecordType Id="10005" Name="TOA$Work_Order"/>
  </RecordTypes><Ribbon><RibbonTab TextLabelName="HOME_LBL"><RibbonGroup TextLabelName="SAVE_CMD"><RibbonButtonItem ButtonSize="Large" ItemId="Save"/><RibbonButtonItem ButtonSize="Large" ItemId="SaveAndClose"/><RibbonButtonItem ButtonSize="Large" ItemId="SaveAndSend"/></RibbonGroup><RibbonGroup TextLabelName="ACTIONS_LBL"><RibbonButtonItem ButtonSize="Large" ItemId="New"/><RibbonButtonItem ButtonSize="Large" ItemId="Refresh"/><RibbonButtonItem ButtonSize="Large" ItemId="Forward"/><RibbonButtonItem ItemId="Separator"/><RibbonButtonItem ButtonSize="Small" ItemId="Print"/><RibbonButtonItem ButtonSize="Small" ItemId="Copy"/><RibbonButtonItem ButtonSize="Small" ItemId="Delete"/></RibbonGroup><RibbonGroup TextLabelName="PROOFING_LBL"><RibbonButtonItem ButtonSize="Large" ItemId="SpellCheck"/></RibbonGroup><RibbonGroup TextLabelName="RELATED_ACTIVITIES_LBL"><RibbonButtonItem ItemId="DecisionTree"><Behavior SearchReportId="8013" SearchTree="True" SelectTree="True"/></RibbonButtonItem><RibbonButtonItem ButtonSize="Large" ItemId="Propose"/><RibbonButtonItem ButtonSize="Large" ItemId="BestAnswer"/><RibbonButtonItem ButtonSize="Small" ItemId="OfferAdvisor"/><RibbonButtonItem ButtonSize="Small" ItemId="NewServiceOpp"/><RibbonButtonItem ButtonSize="Small" ItemId="Appointment"/></RibbonGroup><RibbonGroup TextLabelName="LINKS_AND_INFO_LBL"><RibbonButtonItem ButtonSize="Large" ItemId="EditorLinks"><Links><LinkItem Title="Oracle Service Cloud" Url="http://cloud.oracle.com/service"/></Links></RibbonButtonItem><RibbonButtonItem ItemId="Separator"/><RibbonButtonItem ButtonSize="Large" ItemId="Info"/></RibbonGroup></RibbonTab></Ribbon><QuickAccessToolbar><QuickAccessToolbarItem ItemId="New"/><QuickAccessToolbarItem ItemId="Save"/><QuickAccessToolbarItem ItemId="SaveAndClose"/><QuickAccessToolbarItem ItemId="Print"/><QuickAccessToolbarItem ItemId="SaveAndSend"/><QuickAccessToolbarItem ItemId="SaveAndSendAndClose"/><QuickAccessToolbarItem ItemId="Bookmark"/></QuickAccessToolbar><Flag/><Info><InfoItem FieldId="IId" ObjectId="Incident"/><InfoItem FieldId="Created" ObjectId="Incident"/><InfoItem FieldId="Updated" ObjectId="Incident"/><InfoItem FieldId="InitialSoln" ObjectId="Incident"/><InfoItem FieldId="LastResp" ObjectId="Incident"/><InfoItem FieldId="RelDue" ObjectId="Incident"/><InfoItem FieldId="Closed" ObjectId="Incident"/><InfoItem FieldId="CreatedBy" ObjectId="Incident"/><InfoItem FieldId="RuleCtx.Escllevel" ObjectId="Incident"/><InfoItem FieldId="RuleCtx.State" ObjectId="Incident"/></Info><TabSet CanReorderTabs="True" Margin="0, 0, 0, 0" SummaryPanelAlignment="Top" SummaryPanelHeight="175" SummaryTab="0" TabIndex="3" ThresholdHeight="275" WrapTabs="True"><Tab TextColor="" TextLabelName="SUMMARY_LBL"><Table BackColor="White" ColumnCount="2" ForeColor="ControlText" Id="637913413272799915" RowCount="5"><Field Column="0" ColumnSpan="2" FieldId="Subject" Multiline="False" ObjectId="Incident" RequiredOption="OnNew:~any~;OnEdit:~any~" Row="0" ScrollBars="Vertical" SpellCheck="True" TabIndex="0"/><Field AcceptsReturn="False" Column="0" FieldId="RefNo" Multiline="False" ObjectId="Incident" Row="1" SpellCheck="False" TabIndex="1" TrimTextWhitespace="True"/><Field Column="1" FieldId="CId" ObjectId="Incident" ReportId="8014" Row="1" TabIndex="5"/><Field AcceptsReturn="False" Column="1" FieldId="Name" Multiline="False" ObjectId="Org" ReadOnlyOption="OnNew:~any~;OnEdit:~any~" Row="2" SpellCheck="False" TabIndex="6" TrimTextWhitespace="True"/><Field Column="1" FieldId="ProdId" ObjectId="Incident" RequiredForSolved="False" Row="3" TabIndex="7"/><Field Column="1" FieldId="CatId" ObjectId="Incident" RequiredForSolved="False" Row="4" TabIndex="8"/></Table></Tab><Tab TextColor="" TextLabelName="MESSAGES_LBL"><Table BackColor="Transparent" ColumnCount="1" ForeColor="ControlText" RowCount="2"><RelationshipItem AlwaysShowEmailHeader="True" AlwaysUsePlainText="False" CanAddBCC="True" CanAddCC="True" CanAddCustomerEntry="True" CanAddNote="True" CanAddResponse="True" CanFollowIncidentLinks="True" CanFollowLinks="True" CanSearchKb="True" CanSendOnSave="True" CanToggleToPlainText="True" CanUseSmartAssistant="True" CanUseStandardText="True" Column="0" CommitResponseOnSave="True" ConfirmResponse="False" DefaultChannelForCustomerEntry="Phone" DefaultChannelForNote="NoDefault" DefaultThreadOnEdit="Response" DefaultThreadOnNew="CustomerEntry" DefaultToPlainText="False" Font="Arial, 12pt" Id="637913410145614220" IsUsingDefaultEmailFont="True" ItemType="RichIncidentThread" ReassignOnResponse="ToCurrentAgent" ResponsePanelCoupled="False" Row="0" SearchReportId="125" SendResponseDefault="Never" StatusChangeOnResponse="ToSolved" TabIndex="1" ThreadOrientation="Vertical" ThumbnailsEnabled="False" ThumbnailsThreshold="10"/><Browser ChildBrowsers="False" Column="0" DelayPageLoad="True" Height="403" Id="637913402872488282" Row="1" SendUrlAsPostData="True" SetFixedHeight="False" SuppressErrors="True" TabIndex="0" Url="https://coe-interview-4--d1.custhelp.com/cgi-bin/coe_interview_4.cfg/php/custom/update_field.php"/></Table></Tab><Tab TextColor="Black" TextLabelName="CONTACTS_LBL"><Table AutoScroll="True" BackColor="Transparent" ColumnCount="2" ForeColor="ControlText" Padding="6, 6, 6, 6" RowCount="5"><TitleBar BackColor="LightSkyBlue" Column="0" ColumnSpan="2" Font="Microsoft Sans Serif, 8.25pt, style=Bold" ForeColor="Black" Height="18" Margin="3, 0, 3, 0" Row="0" Text="Primary Contact Information" TextAlign="MiddleLeft"/><Field AcceptsReturn="False" Column="0" FieldId="Name.First" Multiline="False" ObjectId="Contact" RequiredOption="OnNew:~any~;OnEdit:~any~" Row="1" SpellCheck="False" TabIndex="9" TrimTextWhitespace="True"/><Field AcceptsReturn="False" Column="1" FieldId="Name.Last" Multiline="False" ObjectId="Contact" RequiredOption="OnNew:~any~;OnEdit:~any~" Row="1" SpellCheck="False" TabIndex="10" TrimTextWhitespace="True"/><Field Column="0" FieldId="Email" ObjectId="Contact" RequiredOption="OnNew:~any~;OnEdit:~any~" Row="2" TabIndex="11"/><Field AcceptsReturn="False" Column="1" FieldId="Title" Multiline="False" ObjectId="Contact" Row="2" SpellCheck="False" TabIndex="12" TrimTextWhitespace="True"/><Field Column="0" DefaultPhoneType="0" FieldId="PhOffice" ObjectId="Contact" Row="3" TabIndex="13"/><Field Column="1" FieldId="Addr" Height="33" ObjectId="Contact" Row="3" TabIndex="14"/><TabSet CanReorderTabs="True" Column="0" ColumnSpan="2" Margin="0, 0, 0, 0" Row="4" TabDisplayStyle="Regular" TabIndex="11" WrapTabs="True"><Tab TextColor="" TextLabelName="CONTACTS_LBL"><Table BackColor="Transparent" ColumnCount="0" ForeColor="ControlText" Padding="6, 3, 6, 6" RowCount="1"><RelationshipItem AcId="9011" Column="0" DelayReportExecution="True" ExecuteOnNew="False" ItemType="Contacts" Row="0" SearchReportId="8014" ShowRowCount="True" TabIndex="0"/></Table></Tab><Tab TextColor="Black" TextLabelName="CONTACT_FIELDS_LBL"><Table BackColor="Transparent" ColumnCount="3" ForeColor="ControlText" Padding="6, 3, 6, 6" RowCount="3"><Field AcceptsReturn="False" Column="0" FieldId="Login" Multiline="False" ObjectId="Contact" RequiredOption="" Row="0" SpellCheck="False" TabIndex="17" TrimTextWhitespace="True"/><Field BooleanRenderView="Dropdown" Column="1" FieldId="MaOptIn" ObjectId="Contact" Row="0" TabIndex="19"/><Field Column="2" FieldId="State" ObjectId="Contact" Row="0" TabIndex="21"/><Field Column="1" FieldId="MaMailType" ObjectId="Contact" Row="1" TabIndex="20"/><Field Column="2" FieldId="Source" ObjectId="Contact" Row="1" TabIndex="22"/></Table></Tab><Tab TextColor="Black" TextLabelName="INCIDENT_HISTORY_LBL"><Table BackColor="Transparent" ColumnCount="0" ForeColor="ControlText" Padding="6, 3, 6, 6" RowCount="1"><Report AcId="9029" Column="0" DelayReportExecution="True" ExecuteOnNew="False" FilterOnPrimaryKeyOnly="False" RefreshReportOnDataChange="True" Row="0" SearchReportId="0" ShowRowCount="True" TabIndex="0"/></Table></Tab></TabSet></Table></Tab><Tab TextColor="Black" TextLabelName="DETAILS_LBL"><Table BackColor="Transparent" ColumnCount="3" ForeColor="ControlText" Padding="6, 3, 6, 6" RowCount="4"><Field Column="0" FieldId="MailboxId" ObjectId="Incident" Row="0" TabIndex="24"/><Field Column="1" FieldId="InterfaceId" ObjectId="Incident" Row="0" TabIndex="27"/><Field Column="2" FieldId="SlaiId" ObjectId="Incident" Row="0" TabIndex="29"/><Field Column="0" FieldId="Source" ObjectId="Incident" Row="1" ShowParent="False" TabIndex="25"/><Field Column="1" FieldId="LangId" ObjectId="Incident" Row="1" TabIndex="28"/><Field Column="2" FieldId="QueueId" ObjectId="Incident" Row="1" TabIndex="30"/><Field Column="0" FieldId="SeverityId" ObjectId="Incident" Row="2" TabIndex="26"/></Table></Tab><Tab TextColor="Black" TextLabelName="TIME_BILLED_LBL"><Table BackColor="Transparent" ColumnCount="0" ForeColor="ControlText" Padding="6, 3, 6, 6" RowCount="1"><RelationshipItem Column="0" ExecuteOnNew="False" ItemType="TimeBilled" Row="0" ShowRowCount="True" TabIndex="0" TimeRequiredForEdit="False" TimeRequiredForSolved="False"/></Table></Tab><Tab TextColor="Black" TextLabelName="TASKS_LBL"><Table BackColor="Transparent" ColumnCount="0" ForeColor="ControlText" Padding="6, 3, 6, 6" RowCount="1"><RelationshipItem AcId="9018" Column="0" ExecuteOnNew="False" ItemType="Tasks" Row="0" SearchReportId="8010" ShowRowCount="True" TabIndex="0"/></Table></Tab><Tab TextColor="Black" TextLabelName="ORGANIZATION_LBL"><Table BackColor="Transparent" ColumnCount="2" ForeColor="ControlText" Padding="6, 3, 6, 6" RowCount="4"><Field AcceptsReturn="False" Column="0" FieldId="Name" Multiline="False" ObjectId="Org" ReadOnlyOption="OnNew:~any~;OnEdit:~any~" Row="0" SpellCheck="False" TabIndex="33" TrimTextWhitespace="True"/><Field AcceptsReturn="False" Column="1" FieldId="Login" Multiline="False" ObjectId="Org" Row="0" SpellCheck="False" TabIndex="36" TrimTextWhitespace="True"/><Field AcceptsReturn="False" Column="0" FieldId="OrgId" Multiline="False" ObjectId="Org" Row="1" SpellCheck="False" TabIndex="34" TrimTextWhitespace="False"/><Field AcceptsReturn="False" Column="1" FieldId="PasswordEncrypt" Multiline="False" ObjectId="Org" PasswordCover="*" Row="1" SpellCheck="False" TabIndex="37" TrimTextWhitespace="True"/><Field Column="0" FieldId="Oaddr" Height="33" LabelText="Billing" ObjectId="Org" Row="2" TabIndex="35"/><Field Column="1" FieldId="State" ObjectId="Org" Row="2" TabIndex="38"/><TabSet CanReorderTabs="True" Column="0" ColumnSpan="2" Margin="0, 0, 0, 0" Row="3" TabDisplayStyle="Regular" TabIndex="6" WrapTabs="True"><Tab TextColor="Black" TextLabelName="INCIDENT_HISTORY_LBL"><Table BackColor="Transparent" ColumnCount="0" ForeColor="ControlText" Padding="6, 3, 6, 6" RowCount="1"><Report AcId="9003" Column="0" DelayReportExecution="True" ExecuteOnNew="False" FilterOnPrimaryKeyOnly="False" RefreshReportOnDataChange="True" Row="0" SearchReportId="0" ShowRowCount="True" TabIndex="0"/></Table></Tab><Tab TextColor="Black" TextLabelName="CONTACTS_FOR_ORG_LBL"><Table BackColor="Transparent" ColumnCount="0" ForeColor="ControlText" Padding="6, 3, 6, 6" RowCount="1"><Report AcId="9010" Column="0" DelayReportExecution="True" ExecuteOnNew="False" FilterOnPrimaryKeyOnly="False" RefreshReportOnDataChange="True" Row="0" SearchReportId="0" ShowRowCount="True" TabIndex="0"/></Table></Tab></TabSet></Table></Tab><Tab TextColor="Black" TextLabelName="WEB_VISIT_LBL"><Table BackColor="Transparent" ColumnCount="1" ForeColor="ControlText" Padding="6, 3, 6, 6" RowCount="1"><Report AcId="9035" Column="0" DelayReportExecution="True" ExecuteOnNew="False" FilterOnPrimaryKeyOnly="False" HideReportCommands="True" Row="0" SearchReportId="0" ShowRowCount="True" TabIndex="0"/></Table></Tab><Tab TextColor="Black" TextLabelName="ATTACHMENTS_LBL"><Table BackColor="Transparent" ColumnCount="0" ForeColor="ControlText" Padding="6, 3, 6, 6" RowCount="1"><RelationshipItem Column="0" ItemType="FileAttachments" Row="0" TabIndex="0"/></Table></Tab><Tab TextColor="Black" TextLabelName="AUDIT_LOG_LBL"><Table BackColor="Transparent" ColumnCount="1" ForeColor="ControlText" Padding="6, 3, 6, 6" RowCount="1"><RelationshipItem AcId="9041" Column="0" ExecuteOnNew="False" ItemType="IncidentAuditLog" Row="0" ShowReadTransactions="False" TabIndex="0"/></Table></Tab></TabSet></Workspace>