<Workspace xmlns:dbaudit="http://www.rightnow.com/schemas/dbaudit" ServerVersion="Oracle Service Cloud 21B (Build 244 - 04/16/2021 02:33)" ClientVersion="21.5.0.244" Type="TOA$Work_Order_Type" UIType="Custom" IsMultiEdit="False" ClassId="10004" SpellCheckOnSave="False" SpellCheckAllowCancel="False" BrowserCompatibilityMode="False">
  <RecordTypes>
    <RecordType Id="10004" Name="TOA$Work_Order_Type" />
    <RecordType Id="10005" Name="TOA$Work_Order" />
    <RecordType Id="10006" Name="TOA$WO_Type_Inventory" />
  </RecordTypes><Ribbon><RibbonTab TextLabelName="HOME_LBL"><RibbonGroup TextLabelName="SAVE_CMD"><RibbonButtonItem ItemId="Save" /><RibbonButtonItem ItemId="SaveAndClose" /></RibbonGroup><RibbonGroup TextLabelName="ACTIONS_LBL"><RibbonButtonItem ItemId="New" /><RibbonButtonItem ItemId="Refresh" /><RibbonButtonItem ItemId="Copy" ButtonSize="Small" /><RibbonButtonItem ItemId="Delete" ButtonSize="Small" /></RibbonGroup><RibbonGroup TextLabelName="PROOFING_LBL"><RibbonButtonItem ItemId="SpellCheck" /></RibbonGroup><RibbonGroup TextLabelName="LINKS_AND_INFO_LBL"><RibbonButtonItem ItemId="EditorLinks"><Links><LinkItem Title="Oracle Service Cloud" Url="http://cloud.oracle.com/service" /></Links></RibbonButtonItem><RibbonButtonItem ItemId="Separator" /><RibbonButtonItem ItemId="Info" /></RibbonGroup></RibbonTab></Ribbon><QuickAccessToolbar><QuickAccessToolbarItem ItemId="New" /><QuickAccessToolbarItem ItemId="Save" /><QuickAccessToolbarItem ItemId="SaveAndClose" /><QuickAccessToolbarItem ItemId="Bookmark" /></QuickAccessToolbar><Info><InfoItem ObjectId="TOA$Work_Order_Type" FieldId="Id" /></Info><Rules><Rule Name="Make Manual Duration Default Required" Notes="" Active="True"><Triggers><Trigger Type="FieldValueChanged" ObjectName="TOA$Work_Order_Type" FieldName="Manual_Duration" /><Trigger Type="EditorLoaded" /></Triggers><Conditions LogicalExpression="0"><Condition><Source Type="Field" TableNode="True">TOA$Work_Order_Type.Manual_Duration</Source><Property>Value</Property><Operator>EQ</Operator><Value>1</Value></Condition></Conditions><Then><Action Type="Standard"><Object Type="Field" TableNode="True">TOA$Work_Order_Type.Manual_Duration_Default</Object><Operation>Hidden</Operation><Value>False</Value></Action><Action Type="Standard"><Object Type="Field" TableNode="True">TOA$Work_Order_Type.Manual_Duration_Default</Object><Operation>Required</Operation><Value>True</Value></Action></Then><Else /></Rule><Rule Name="Make Manual Duration Default Optional" Notes="" Active="True"><Triggers><Trigger Type="FieldValueChanged" ObjectName="TOA$Work_Order_Type" FieldName="Manual_Duration" /><Trigger Type="EditorLoaded" /></Triggers><Conditions LogicalExpression="0"><Condition><Source Type="Field" TableNode="True">TOA$Work_Order_Type.Manual_Duration</Source><Property>Value</Property><Operator>EQ</Operator><Value>0</Value></Condition></Conditions><Then><Action Type="Standard"><Object Type="Field" TableNode="True">TOA$Work_Order_Type.Manual_Duration_Default</Object><Operation>Hidden</Operation><Value>True</Value></Action></Then><Else /></Rule></Rules><Table ColumnCount="1" RowCount="1" BackColor="Transparent" ForeColor="Black" Margin="3, 6, 3, 6"><Table Row="0" Column="0" ColumnCount="2" RowCount="4" ForeColor="Black"><Field Row="0" Column="0" ColumnSpan="2" ObjectId="TOA$Work_Order_Type" FieldId="Label" TabIndex="0" Id="635561823148383560" /><Field Row="1" Column="0" ObjectId="TOA$Work_Order_Type" FieldId="WO_Type_Code" TabIndex="1" Increment="1" Id="635561823170067598" /><Field Row="1" Column="1" ObjectId="TOA$Work_Order_Type" FieldId="Manual_Duration" TabIndex="3" DefaultValue="0" BooleanRenderView="Dropdown" Id="635563386816021356" /><Field Row="2" Column="0" ObjectId="TOA$Work_Order_Type" FieldId="DisplayOrder" TabIndex="2" Increment="1" Id="635561822826673326" /><Field Row="2" Column="1" ObjectId="TOA$Work_Order_Type" FieldId="Manual_Duration_Default" TabIndex="4" DefaultValue="30" Increment="1" Id="635563386222807426" /><TabSet Row="3" Column="0" ColumnSpan="2" CanReorderTabs="True" WrapTabs="True" Margin="0, 0, 0, 0" TabIndex="5" TabDisplayStyle="Regular" Id="635581543145812469"><Tab TextColor="" Text="Required Inventory" Id="635581542892807998"><Table ColumnCount="1" RowCount="1" BackColor="Transparent" ForeColor="Black"><Report Row="0" Column="0" SearchReportId="0" AcId="100039" ExecuteOnNew="False" ShowRowCount="False" TabIndex="0" DelayReportExecution="True" FilterOnPrimaryKeyOnly="False" Id="635581543351584239" /></Table></Tab><Tab TextColor="Black" Text="Audit Log" Id="635581542950461296"><Table ColumnCount="1" RowCount="1" BackColor="Transparent" ForeColor="Black"><RelationshipItem ItemType="CustomObjectAuditLog" Row="0" Column="0" AcId="9037" ExecuteOnNew="False" HideReportCommands="True" DelayReportExecution="True" TabIndex="0" /></Table></Tab></TabSet></Table></Table></Workspace>