<Workspace xmlns:dbaudit="http://www.rightnow.com/schemas/dbaudit" ServerVersion="Oracle Service Cloud 21B (Build 244 - 04/16/2021 02:33)" ClientVersion="21.5.0.244" Type="TOA$WO_Type_Inventory" UIType="Custom" IsMultiEdit="False" ClassId="10006" SpellCheckOnSave="False" SpellCheckAllowCancel="False" BrowserCompatibilityMode="False">
  <RecordTypes>
    <RecordType Id="10006" Name="TOA$WO_Type_Inventory" />
    <RecordType Id="10004" Name="TOA$Work_Order_Type" />
  </RecordTypes><Ribbon><RibbonTab TextLabelName="HOME_LBL"><RibbonGroup TextLabelName="SAVE_CMD"><RibbonButtonItem ItemId="Save" /><RibbonButtonItem ItemId="SaveAndClose" /></RibbonGroup><RibbonGroup TextLabelName="ACTIONS_LBL"><RibbonButtonItem ItemId="New" /><RibbonButtonItem ItemId="Refresh" /><RibbonButtonItem ItemId="Copy" ButtonSize="Small" /><RibbonButtonItem ItemId="Delete" ButtonSize="Small" /></RibbonGroup><RibbonGroup TextLabelName="PROOFING_LBL"><RibbonButtonItem ItemId="SpellCheck" /></RibbonGroup><RibbonGroup TextLabelName="LINKS_AND_INFO_LBL"><RibbonButtonItem ItemId="EditorLinks"><Links><LinkItem Title="Oracle Service Cloud" Url="http://cloud.oracle.com/service" /></Links></RibbonButtonItem><RibbonButtonItem ItemId="Separator" /><RibbonButtonItem ItemId="Info" /></RibbonGroup></RibbonTab></Ribbon><QuickAccessToolbar><QuickAccessToolbarItem ItemId="New" /><QuickAccessToolbarItem ItemId="Save" /><QuickAccessToolbarItem ItemId="SaveAndClose" /><QuickAccessToolbarItem ItemId="Bookmark" /></QuickAccessToolbar><Info><InfoItem ObjectId="TOA$WO_Type_Inventory" FieldId="Id" /></Info><Table ColumnCount="1" RowCount="6" BackColor="Transparent" ForeColor="Black" Margin="3, 6, 3, 6"><Field Row="0" Column="0" ObjectId="TOA$WO_Type_Inventory" FieldId="Work_Order_Type" TabIndex="0" RequiredOption="OnNew:~any~;OnEdit:~any~" ReportId="30002" Id="635561660151598254" /><Field Row="1" Column="0" ObjectId="TOA$WO_Type_Inventory" FieldId="Product" TabIndex="7" RequiredOption="OnNew:~any~;OnEdit:~any~" Id="635596911952468608" /><Field Row="2" Column="0" ObjectId="TOA$WO_Type_Inventory" FieldId="Model" TabIndex="9" SpellCheck="False" Multiline="False" TrimTextWhitespace="True" AcceptsReturn="False" /><Field Row="3" Column="0" ObjectId="TOA$WO_Type_Inventory" FieldId="Quantity" TabIndex="3" Increment="1" Id="635562196085652615" /><Field Row="4" Column="0" ObjectId="TOA$WO_Type_Inventory" FieldId="Unit" TabIndex="8" SpellCheck="False" Multiline="False" TrimTextWhitespace="True" AcceptsReturn="False" Id="635596911788118608" /><TabSet Row="5" Column="0" CanReorderTabs="True" WrapTabs="True" Margin="0, 0, 0, 0" TabIndex="6" TabDisplayStyle="Regular"><Tab TextColor="Black" Text="Audit Log" Id="635581533261447116"><Table ColumnCount="1" RowCount="1" BackColor="Transparent" ForeColor="Black"><RelationshipItem ItemType="CustomObjectAuditLog" Row="0" Column="0" AcId="9037" ExecuteOnNew="False" HideReportCommands="True" DelayReportExecution="True" TabIndex="0" /></Table></Tab></TabSet></Table></Workspace>