<Workspace xmlns:dbaudit="http://www.rightnow.com/schemas/dbaudit" ServerVersion="Oracle Service Cloud 21B (Build 244 - 04/16/2021 02:33)" ClientVersion="21.5.0.244" Type="TOA$Work_Order" UIType="Custom" IsMultiEdit="False" ClassId="10005" SpellCheckOnSave="False" SpellCheckAllowCancel="False" BrowserCompatibilityMode="False">
  <RecordTypes>
    <RecordType Id="10005" Name="TOA$Work_Order" />
    <RecordType Id="126" Name="Asset" />
    <RecordType Id="6" Name="Contact" />
    <RecordType Id="1" Name="Incident" />
    <RecordType Id="7" Name="Org" />
    <RecordType Id="10004" Name="TOA$Work_Order_Type" />
  </RecordTypes><Ribbon><RibbonTab TextLabelName="HOME_LBL"><RibbonGroup TextLabelName="SAVE_CMD"><RibbonButtonItem ItemId="Save" /><RibbonButtonItem ItemId="SaveAndClose" /></RibbonGroup><RibbonGroup TextLabelName="ACTIONS_LBL"><RibbonButtonItem ItemId="New" /><RibbonButtonItem ItemId="Refresh" /><RibbonButtonItem ItemId="Delete" /></RibbonGroup><RibbonGroup TextLabelName="PROOFING_LBL"><RibbonButtonItem ItemId="SpellCheck" /></RibbonGroup><RibbonGroup TextLabelName="LINKS_AND_INFO_LBL"><RibbonButtonItem ItemId="EditorLinks"><Links><LinkItem Title="Oracle Service Cloud" Url="http://cloud.oracle.com/service" /></Links></RibbonButtonItem><RibbonButtonItem ItemId="Separator" /><RibbonButtonItem ItemId="Info" /></RibbonGroup></RibbonTab></Ribbon><QuickAccessToolbar><QuickAccessToolbarItem ItemId="New" /><QuickAccessToolbarItem ItemId="Save" /><QuickAccessToolbarItem ItemId="SaveAndClose" /><QuickAccessToolbarItem ItemId="Bookmark" /></QuickAccessToolbar><Info><InfoItem ObjectId="TOA$Work_Order" FieldId="Id" /><InfoItem ObjectId="TOA$Work_Order" FieldId="Incident" /><InfoItem ObjectId="TOA$Work_Order" FieldId="Contact" /></Info><Rules><Rule Name="Override Requested" Notes="" Active="True"><Triggers><Trigger Type="EditorLoaded" /></Triggers><Conditions LogicalExpression="0 1 &amp; 2 &amp;"><Condition><Source Type="Field" TableNode="True">TOA$Work_Order.Override_Request</Source><Property>Value</Property><Operator>EQ</Operator><Value>1</Value></Condition><Condition><Source Type="Field" TableNode="True">TOA$Work_Order.WO_Type</Source><Property>Value</Property><Operator>IS_NOT_NULL</Operator><Value></Value></Condition><Condition><Source Type="Field" TableNode="True">TOA$Work_Order.WO_Area</Source><Property>Value</Property><Operator>IS_NOT_NULL</Operator><Value></Value></Condition></Conditions><Then><Action Type="Standard"><Object Type="Object">635600503467180056</Object><Operation>Hidden</Operation><Value>False</Value></Action><Action Type="Standard"><Object Type="Object">635600503467180056</Object><Operation>AddInExecute</Operation><Value>ShowScheduler</Value></Action><Action Type="Standard"><Object Type="Field" TableNode="True">TOA$Work_Order.Override_Request</Object><Operation>ConfigureMenuItems</Operation><Value Operator="EQ">2;3</Value></Action></Then><Else /></Rule><Rule Name="Cancel Work Order" Notes="" Active="True"><Triggers><Trigger Type="ButtonClicked" ObjectId="635524286570084980" /></Triggers><Conditions LogicalExpression="0"><Condition><Source Type="Field" TableNode="True">TOA$Work_Order.WO_Status</Source><Property>Value</Property><Operator>EQ</Operator><Value>pending</Value></Condition></Conditions><Then><Action Type="Standard"><Object Type="Field" TableNode="True">TOA$Work_Order.Cancel_Reason</Object><Operation>Hidden</Operation><Value>False</Value></Action><Action Type="Standard"><Object Type="Field" TableNode="True">TOA$Work_Order.Cancel_Reason</Object><Operation>Required</Operation><Value>True</Value></Action></Then><Else><Action Type="Standard"><Object Type="MessageBox"></Object><Operation>Show</Operation><Value Title="Work Order Cannot be Cancelled" Icon="Warning">The Work Order can only be Cancelled when the status is Pending.</Value></Action></Else></Rule><Rule Name="New Work Order Being Edited Set Workspace" Notes="" Active="True"><Triggers><Trigger Type="EditorLoaded" /></Triggers><Conditions LogicalExpression="" /><Then><Action Type="Standard"><Object Type="Object">635600500367379666</Object><Operation>Hidden</Operation><Value>True</Value></Action><Action Type="Standard"><Object Type="Object">635600503467180056</Object><Operation>Hidden</Operation><Value>True</Value></Action><Action Type="Standard"><Object Type="Object">635524286429679643</Object><Operation>Hidden</Operation><Value>True</Value></Action><Action Type="Standard"><Object Type="Object">635524286570084980</Object><Operation>Hidden</Operation><Value>True</Value></Action><Action Type="Standard"><Object Type="Field" TableNode="True">TOA$Work_Order.Override_Request</Object><Operation>Hidden</Operation><Value>True</Value></Action><Action Type="Standard"><Object Type="Field" TableNode="True">TOA$Work_Order.Override_Assigned_To</Object><Operation>Hidden</Operation><Value>True</Value></Action><Action Type="Standard"><Object Type="Field" TableNode="True">TOA$Work_Order.Cancel_Reason</Object><Operation>Hidden</Operation><Value>True</Value></Action><Action Type="Standard"><Object Type="Field" TableNode="True">TOA$Work_Order.Reschedule_Reason</Object><Operation>Hidden</Operation><Value>True</Value></Action><Action Type="Standard"><Object Type="Field" TableNode="True">TOA$Work_Order.Duration</Object><Operation>Hidden</Operation><Value>True</Value></Action></Then><Else /></Rule><Rule Name="Initialize New WorkOrder" Notes="" Active="True"><Triggers><Trigger Type="EditorLoaded" /></Triggers><Conditions LogicalExpression="0"><Condition><Source Type="EditorMode">Current</Source><Property>Value</Property><Operator>EQ</Operator><Value>New</Value></Condition></Conditions><Then><Action Type="Standard"><Object Type="Field" TableNode="True">TOA$Work_Order.WO_Status</Object><Operation>Value</Operation><Value>activity not yet created</Value></Action><Action Type="Standard"><Object Type="Object">635596926888217855</Object><Operation>AddInExecute</Operation><Value>PopulateContactDetails</Value></Action></Then><Else /></Rule><Rule Name="New Work Order Set Workspace" Notes="" Active="True"><Triggers><Trigger Type="EditorLoaded" /></Triggers><Conditions LogicalExpression="" /><Then><Action Type="Standard"><Object Type="Object">635600500367379666</Object><Operation>Hidden</Operation><Value>True</Value></Action><Action Type="Standard"><Object Type="Object">635600503467180056</Object><Operation>Hidden</Operation><Value>True</Value></Action><Action Type="Standard"><Object Type="Object">635524286429679643</Object><Operation>Hidden</Operation><Value>True</Value></Action><Action Type="Standard"><Object Type="Object">635524286570084980</Object><Operation>Hidden</Operation><Value>True</Value></Action><Action Type="Standard"><Object Type="Field" TableNode="True">TOA$Work_Order.Override_Request</Object><Operation>Hidden</Operation><Value>True</Value></Action><Action Type="Standard"><Object Type="Field" TableNode="True">TOA$Work_Order.Override_Assigned_To</Object><Operation>Hidden</Operation><Value>True</Value></Action><Action Type="Standard"><Object Type="Field" TableNode="True">TOA$Work_Order.Cancel_Reason</Object><Operation>Hidden</Operation><Value>True</Value></Action><Action Type="Standard"><Object Type="Field" TableNode="True">TOA$Work_Order.Reschedule_Reason</Object><Operation>Hidden</Operation><Value>True</Value></Action><Action Type="Standard"><Object Type="Field" TableNode="True">TOA$Work_Order.WO_Area</Object><Operation>Hidden</Operation><Value>True</Value></Action><Action Type="Standard"><Object Type="Field" TableNode="True">TOA$Work_Order.Duration</Object><Operation>Hidden</Operation><Value>True</Value></Action></Then><Else /></Rule><Rule Name="Create New Work Order" Notes="" Active="True"><Triggers><Trigger Type="EditorLoaded" /></Triggers><Conditions LogicalExpression="1 0 |"><Condition><Source Type="Field" TableNode="True">TOA$Work_Order.External_ID</Source><Property>Value</Property><Operator>IS_NULL</Operator><Value></Value></Condition><Condition><Source Type="Field" TableNode="True">TOA$Work_Order.External_ID</Source><Property>Value</Property><Operator>EQ</Operator><Value>0</Value></Condition></Conditions><Then><Action Type="Standard"><Object Type="Object">635524286429679643</Object><Operation>Hidden</Operation><Value>True</Value></Action><Action Type="Standard"><Object Type="Object">635524286570084980</Object><Operation>Hidden</Operation><Value>True</Value></Action><Action Type="Standard"><Object Type="Field">TOA$Work_Order.Reschedule_Reason</Object><Operation>Hidden</Operation><Value>True</Value></Action><Action Type="Standard"><Object Type="Field">TOA$Work_Order.Cancel_Reason</Object><Operation>Hidden</Operation><Value>True</Value></Action><Action Type="Standard"><Object Type="Field" TableNode="True">TOA$Work_Order.Duration</Object><Operation>Hidden</Operation><Value>True</Value></Action><Action Type="Standard"><Object Type="Field" TableNode="True">TOA$Work_Order.Override_Assigned_To</Object><Operation>Hidden</Operation><Value>True</Value></Action><Action Type="Standard"><Object Type="Field" TableNode="True">TOA$Work_Order.Override_Request</Object><Operation>Hidden</Operation><Value>True</Value></Action></Then><Else /></Rule><Rule Name="Edit Work Order" Notes="" Active="True"><Triggers><Trigger Type="EditorLoaded" /><Trigger Type="RecordSaved" /></Triggers><Conditions LogicalExpression="0 1 | 3 2 | 5 | 4 | &amp;"><Condition><Source Type="Field" TableNode="True">TOA$Work_Order.External_ID</Source><Property>Value</Property><Operator>GT</Operator><Value>0</Value></Condition><Condition><Source Type="Field" TableNode="True">TOA$Work_Order.External_ID</Source><Property>Value</Property><Operator>IS_NOT_NULL</Operator><Value></Value></Condition><Condition><Source Type="Field" TableNode="True">TOA$Work_Order.WO_Status</Source><Property>Value</Property><Operator>NEQ</Operator><Value>pending</Value></Condition><Condition><Source Type="Field" TableNode="True">TOA$Work_Order.WO_Status</Source><Property>Value</Property><Operator>IS_NOT_NULL</Operator><Value></Value></Condition><Condition><Source Type="Field" TableNode="True">TOA$Work_Order.WO_Status</Source><Property>Value</Property><Operator>NEQ</Operator><Value>activity create failed</Value></Condition><Condition><Source Type="Field" TableNode="True">TOA$Work_Order.WO_Status</Source><Property>Value</Property><Operator>EQ</Operator><Value>activity not yet created</Value></Condition></Conditions><Then><Action Type="Standard"><Object Type="Object">635524286429679643</Object><Operation>Hidden</Operation><Value>False</Value></Action><Action Type="Standard"><Object Type="Object">635524286570084980</Object><Operation>Hidden</Operation><Value>False</Value></Action><Action Type="Standard"><Object Type="Object">635600500367379666</Object><Operation>Hidden</Operation><Value>True</Value></Action><Action Type="Standard"><Object Type="Object">635600503467180056</Object><Operation>Hidden</Operation><Value>True</Value></Action><Action Type="Standard"><Object Type="Field" TableNode="True">TOA$Work_Order.Contact_Street</Object><Operation>ReadOnly</Operation><Value>True</Value></Action><Action Type="Standard"><Object Type="Field" TableNode="True">TOA$Work_Order.Contact_City</Object><Operation>ReadOnly</Operation><Value>True</Value></Action><Action Type="Standard"><Object Type="Field" TableNode="True">TOA$Work_Order.Contact_Province_State</Object><Operation>ReadOnly</Operation><Value>True</Value></Action><Action Type="Standard"><Object Type="Field" TableNode="True">TOA$Work_Order.Contact_Postal_Code</Object><Operation>ReadOnly</Operation><Value>True</Value></Action><Action Type="Standard"><Object Type="Field" TableNode="True">TOA$Work_Order.WO_Type</Object><Operation>ReadOnly</Operation><Value>True</Value></Action></Then><Else><Action Type="Standard"><Object Type="Object">635524286429679643</Object><Operation>Hidden</Operation><Value>True</Value></Action><Action Type="Standard"><Object Type="Object">635524286570084980</Object><Operation>Hidden</Operation><Value>True</Value></Action></Else></Rule><Rule Name="Show Cancel Reason" Notes="" Active="True"><Triggers><Trigger Type="EditorLoaded" /><Trigger Type="RecordSaved" /></Triggers><Conditions LogicalExpression="0"><Condition><Source Type="Field" TableNode="True">TOA$Work_Order.Cancel_Reason</Source><Property>Value</Property><Operator>IS_NOT_NULL</Operator><Value></Value></Condition></Conditions><Then><Action Type="Standard"><Object Type="Field" TableNode="True">TOA$Work_Order.Cancel_Reason</Object><Operation>Hidden</Operation><Value>False</Value></Action><Action Type="Standard"><Object Type="Field" TableNode="True">TOA$Work_Order.Cancel_Reason</Object><Operation>ReadOnly</Operation><Value>True</Value></Action></Then><Else><Action Type="Standard"><Object Type="Field" TableNode="True">TOA$Work_Order.Cancel_Reason</Object><Operation>Hidden</Operation><Value>True</Value></Action></Else></Rule><Rule Name="Show Reschedule Reason" Notes="" Active="True"><Triggers><Trigger Type="EditorLoaded" /><Trigger Type="RecordSaved" /></Triggers><Conditions LogicalExpression="0"><Condition><Source Type="Field" TableNode="True">TOA$Work_Order.Reschedule_Reason</Source><Property>Value</Property><Operator>IS_NOT_NULL</Operator><Value></Value></Condition></Conditions><Then><Action Type="Standard"><Object Type="Field" TableNode="True">TOA$Work_Order.Reschedule_Reason</Object><Operation>Hidden</Operation><Value>False</Value></Action><Action Type="Standard"><Object Type="Field" TableNode="True">TOA$Work_Order.Reschedule_Reason</Object><Operation>ReadOnly</Operation><Value>True</Value></Action></Then><Else><Action Type="Standard"><Object Type="Field" TableNode="True">TOA$Work_Order.Reschedule_Reason</Object><Operation>Hidden</Operation><Value>True</Value></Action></Else></Rule><Rule Name="Work Order Not Pending" Notes="" Active="True"><Triggers><Trigger Type="EditorLoaded" /></Triggers><Conditions LogicalExpression="1 0 &amp; 2 &amp; 3 &amp; 4 &amp;"><Condition><Source Type="Field" TableNode="True">TOA$Work_Order.WO_Status</Source><Property>Value</Property><Operator>NEQ</Operator><Value>pending</Value></Condition><Condition><Source Type="Field" TableNode="True">TOA$Work_Order.WO_Status</Source><Property>Value</Property><Operator>NEQ</Operator><Value>activity create failed</Value></Condition><Condition><Source Type="Field" TableNode="True">TOA$Work_Order.WO_Status</Source><Property>Value</Property><Operator>IS_NOT_NULL</Operator><Value></Value></Condition><Condition><Source Type="Field" TableNode="True">TOA$Work_Order.WO_Status</Source><Property>Value</Property><Operator>NEQ</Operator><Value>activity not yet created</Value></Condition><Condition><Source Type="Field" TableNode="True">TOA$Work_Order.WO_Status</Source><Property>Value</Property><Operator>NEQ</Operator><Value>schedule override requested</Value></Condition></Conditions><Then><Action Type="Standard"><Object Type="Editor"></Object><Operation>ReadOnly</Operation><Value></Value></Action><Action Type="Standard"><Object Type="Object">635600500367379666</Object><Operation>Hidden</Operation><Value>True</Value></Action><Action Type="Standard"><Object Type="Object">635600503467180056</Object><Operation>Hidden</Operation><Value>True</Value></Action><Action Type="Standard"><Object Type="Object">635524286429679643</Object><Operation>Hidden</Operation><Value>True</Value></Action><Action Type="Standard"><Object Type="Object">635524286570084980</Object><Operation>Hidden</Operation><Value>True</Value></Action><Action Type="Standard"><Object Type="Object">635570203721822381</Object><Operation>ReadOnly</Operation><Value>True</Value></Action><Action Type="Standard"><Object Type="Object">635563126254106601</Object><Operation>ReadOnly</Operation><Value>True</Value></Action></Then><Else /></Rule><Rule Name="Show Delete" Notes="" Active="True"><Triggers><Trigger Type="EditorLoaded" /><Trigger Type="RecordSaved" /></Triggers><Conditions LogicalExpression="1 0 |"><Condition><Source Type="Field" TableNode="True">TOA$Work_Order.External_ID</Source><Property>Value</Property><Operator>EQ</Operator><Value>0</Value></Condition><Condition><Source Type="Field" TableNode="True">TOA$Work_Order.External_ID</Source><Property>Value</Property><Operator>IS_NULL</Operator><Value></Value></Condition></Conditions><Then><Action Type="Standard"><Object Type="RibbonButton"></Object><Operation>Hidden</Operation><Value ButtonId="Delete">False</Value></Action></Then><Else><Action Type="Standard"><Object Type="RibbonButton"></Object><Operation>Hidden</Operation><Value ButtonId="Delete">True</Value></Action></Else></Rule><Rule Name="Reschedule WorkOrder" Notes="" Active="True"><Triggers><Trigger Type="ButtonClicked" ObjectId="635524286429679643" /></Triggers><Conditions LogicalExpression="1 0 | 2 |"><Condition><Source Type="Field" TableNode="True">TOA$Work_Order.WO_Status</Source><Property>Value</Property><Operator>EQ</Operator><Value>pending</Value></Condition><Condition><Source Type="Field" TableNode="True">TOA$Work_Order.WO_Status</Source><Property>Value</Property><Operator>EQ</Operator><Value>activity create failed</Value></Condition><Condition><Source Type="Field" TableNode="True">TOA$Work_Order.WO_Status</Source><Property>Value</Property><Operator>EQ</Operator><Value>activity not yet created</Value></Condition></Conditions><Then><Action Type="Standard"><Object Type="Object">635600503467180056</Object><Operation>Hidden</Operation><Value>False</Value></Action><Action Type="Standard"><Object Type="Object">635600503467180056</Object><Operation>AddInExecute</Operation><Value>ShowScheduler</Value></Action><Action Type="Standard"><Object Type="Field" TableNode="True">TOA$Work_Order.Reschedule_Reason</Object><Operation>Hidden</Operation><Value>False</Value></Action><Action Type="Standard"><Object Type="Field" TableNode="True">TOA$Work_Order.Reschedule_Reason</Object><Operation>ReadOnly</Operation><Value>False</Value></Action><Action Type="Standard"><Object Type="Field" TableNode="True">TOA$Work_Order.Reschedule_Reason</Object><Operation>Required</Operation><Value>True</Value></Action><Action Type="Standard"><Object Type="Field" TableNode="True">TOA$Work_Order.Override_Request</Object><Operation>ReadOnly</Operation><Value>False</Value></Action><Action Type="Standard"><Object Type="Field" TableNode="True">TOA$Work_Order.Override_Request</Object><Operation>ConfigureMenuItems</Operation><Value Operator="EQ">1</Value></Action><Action Type="Standard"><Object Type="Field" TableNode="True">TOA$Work_Order.Override_Assigned_To</Object><Operation>ReadOnly</Operation><Value>False</Value></Action></Then><Else /></Rule><Rule Name="Show Work Order Area" Notes="" Active="True"><Triggers><Trigger Type="FieldValueChanged" ObjectName="TOA$Work_Order" FieldName="Contact_Postal_Code" /><Trigger Type="EditorLoaded" /></Triggers><Conditions LogicalExpression="0 1 4 | 2 | 3 | &amp;"><Condition><Source Type="Field" TableNode="True">TOA$Work_Order.Contact_Postal_Code</Source><Property>Value</Property><Operator>LIKE</Operator><Value>^\d{5}(?:[-\s]\d{4})?$</Value></Condition><Condition><Source Type="Field" TableNode="True">TOA$Work_Order.WO_Status</Source><Property>Value</Property><Operator>EQ</Operator><Value>pending</Value></Condition><Condition><Source Type="Field" TableNode="True">TOA$Work_Order.WO_Status</Source><Property>Value</Property><Operator>IS_NULL</Operator><Value></Value></Condition><Condition><Source Type="Field" TableNode="True">TOA$Work_Order.WO_Status</Source><Property>Value</Property><Operator>EQ</Operator><Value>activity create failed</Value></Condition><Condition><Source Type="Field" TableNode="True">TOA$Work_Order.WO_Status</Source><Property>Value</Property><Operator>EQ</Operator><Value>activity not yet created</Value></Condition></Conditions><Then><Action Type="Standard"><Object Type="Object">635600500367379666</Object><Operation>Hidden</Operation><Value>False</Value></Action><Action Type="Standard"><Object Type="Object">635600500367379666</Object><Operation>AddInExecute</Operation><Value>WorkOrderArea</Value></Action></Then><Else><Action Type="Standard"><Object Type="Object">635600500367379666</Object><Operation>Hidden</Operation><Value>True</Value></Action></Else></Rule><Rule Name="Show Scheduler" Notes="" Active="True"><Triggers><Trigger Type="FieldValueChanged" ObjectName="TOA$Work_Order" FieldName="WO_Area" /><Trigger Type="FieldValueChanged" ObjectName="TOA$Work_Order" FieldName="WO_Type" /></Triggers><Conditions LogicalExpression="0 1 &amp;"><Condition><Source Type="Field" TableNode="True">TOA$Work_Order.WO_Area</Source><Property>Value</Property><Operator>IS_NOT_NULL</Operator><Value></Value></Condition><Condition><Source Type="Field" TableNode="True">TOA$Work_Order.WO_Type</Source><Property>Value</Property><Operator>NLIST</Operator><Value>~null~</Value></Condition></Conditions><Then><Action Type="Standard"><Object Type="Object">635600503467180056</Object><Operation>Hidden</Operation><Value>False</Value></Action><Action Type="Standard"><Object Type="Object">635600503467180056</Object><Operation>AddInExecute</Operation><Value>ShowScheduler</Value></Action><Action Type="Standard"><Object Type="Field" TableNode="True">TOA$Work_Order.Override_Request</Object><Operation>Hidden</Operation><Value>False</Value></Action></Then><Else /></Rule><Rule Name="Work Order Cancelled" Notes="" Active="True"><Triggers><Trigger Type="EditorLoaded" /><Trigger Type="RecordSaved" /></Triggers><Conditions LogicalExpression="0"><Condition><Source Type="Field" TableNode="True">TOA$Work_Order.WO_Status</Source><Property>Value</Property><Operator>EQ</Operator><Value>cancelled</Value></Condition></Conditions><Then><Action Type="Standard"><Object Type="RibbonButton"></Object><Operation>Hidden</Operation><Value ButtonId="Save">True</Value></Action><Action Type="Standard"><Object Type="RibbonButton"></Object><Operation>Hidden</Operation><Value ButtonId="SaveAndClose">True</Value></Action><Action Type="Standard"><Object Type="RibbonButton"></Object><Operation>Hidden</Operation><Value ButtonId="Delete">True</Value></Action><Action Type="Standard"><Object Type="Object">635524286429679643</Object><Operation>Hidden</Operation><Value>True</Value></Action><Action Type="Standard"><Object Type="Object">635524286570084980</Object><Operation>Hidden</Operation><Value>True</Value></Action><Action Type="Standard"><Object Type="Editor"></Object><Operation>ReadOnly</Operation><Value></Value></Action><Action Type="Standard"><Object Type="Object">635570203721822381</Object><Operation>ReadOnly</Operation><Value>True</Value></Action><Action Type="Standard"><Object Type="Object">635563126254106601</Object><Operation>ReadOnly</Operation><Value>True</Value></Action></Then><Else /></Rule><Rule Name="Hide Override Fields" Notes="" Active="True"><Triggers><Trigger Type="EditorLoaded" /><Trigger Type="RecordSaved" /></Triggers><Conditions LogicalExpression="0 1 &amp;"><Condition><Source Type="Field" TableNode="True">TOA$Work_Order.Override_Request</Source><Property>Value</Property><Operator>IS_NULL</Operator><Value></Value></Condition><Condition><Source Type="Field" TableNode="True">TOA$Work_Order.Override_Assigned_To</Source><Property>Value</Property><Operator>IS_NULL</Operator><Value></Value></Condition></Conditions><Then><Action Type="Standard"><Object Type="Field" TableNode="True">TOA$Work_Order.Override_Assigned_To</Object><Operation>Hidden</Operation><Value>True</Value></Action><Action Type="Standard"><Object Type="Field" TableNode="True">TOA$Work_Order.Override_Request</Object><Operation>Hidden</Operation><Value>True</Value></Action></Then><Else><Action Type="Standard"><Object Type="Field" TableNode="True">TOA$Work_Order.Override_Assigned_To</Object><Operation>Hidden</Operation><Value>False</Value></Action><Action Type="Standard"><Object Type="Field" TableNode="True">TOA$Work_Order.Override_Request</Object><Operation>Hidden</Operation><Value>False</Value></Action></Else></Rule><Rule Name="Show Override Assigned To" Notes="" Active="True"><Triggers><Trigger Type="EditorLoaded" /><Trigger Type="RecordSaved" /><Trigger Type="FieldValueChanged" ObjectName="TOA$Work_Order" FieldName="Override_Request" /></Triggers><Conditions LogicalExpression="0"><Condition><Source Type="Field" TableNode="True">TOA$Work_Order.Override_Request</Source><Property>Value</Property><Operator>EQ</Operator><Value>1</Value></Condition></Conditions><Then><Action Type="Standard"><Object Type="Field" TableNode="True">TOA$Work_Order.Override_Assigned_To</Object><Operation>Hidden</Operation><Value>False</Value></Action><Action Type="Standard"><Object Type="Field" TableNode="True">TOA$Work_Order.Override_Assigned_To</Object><Operation>Required</Operation><Value>True</Value></Action></Then><Else><Action Type="Standard"><Object Type="Field" TableNode="True">TOA$Work_Order.Override_Assigned_To</Object><Operation>Hidden</Operation><Value>True</Value></Action></Else></Rule><Rule Name="Show Scheduler on Open" Notes="" Active="True"><Triggers><Trigger Type="EditorLoaded" /><Trigger Type="RecordSaved" /></Triggers><Conditions LogicalExpression="0 1 &amp; 2 &amp; 3 5 | 6 | 4 | &amp; 7 &amp;"><Condition><Source Type="Field" TableNode="True">TOA$Work_Order.WO_Area</Source><Property>Value</Property><Operator>IS_NOT_NULL</Operator><Value></Value></Condition><Condition><Source Type="Field" TableNode="True">TOA$Work_Order.WO_Type</Source><Property>Value</Property><Operator>NLIST</Operator><Value>~null~</Value></Condition><Condition><Source Type="Field" TableNode="True">TOA$Work_Order.WO_Date</Source><Property>Value</Property><Operator>IS_NULL</Operator><Value></Value></Condition><Condition><Source Type="Field" TableNode="True">TOA$Work_Order.WO_Status</Source><Property>Value</Property><Operator>IS_NULL</Operator><Value></Value></Condition><Condition><Source Type="Field" TableNode="True">TOA$Work_Order.WO_Status</Source><Property>Value</Property><Operator>EQ</Operator><Value>pending</Value></Condition><Condition><Source Type="Field" TableNode="True">TOA$Work_Order.WO_Status</Source><Property>Value</Property><Operator>EQ</Operator><Value>activity create failed</Value></Condition><Condition><Source Type="Field" TableNode="True">TOA$Work_Order.WO_Status</Source><Property>Value</Property><Operator>EQ</Operator><Value>activity not yet created</Value></Condition><Condition><Source Type="Field" TableNode="True">TOA$Work_Order.Resolution_Due</Source><Property>Value</Property><Operator>IS_NULL</Operator><Value></Value></Condition></Conditions><Then><Action Type="Standard"><Object Type="Object">635600503467180056</Object><Operation>Hidden</Operation><Value>False</Value></Action><Action Type="Standard"><Object Type="Object">635600503467180056</Object><Operation>AddInExecute</Operation><Value>ShowScheduler</Value></Action><Action Type="Standard"><Object Type="Field" TableNode="True">TOA$Work_Order.Override_Request</Object><Operation>Hidden</Operation><Value>False</Value></Action></Then><Else /></Rule><Rule Name="Show Manual Duration" Notes="" Active="True"><Triggers><Trigger Type="FieldValueChanged" ObjectName="TOA$Work_Order" FieldName="WO_Type" /></Triggers><Conditions LogicalExpression="" /><Then><Action Type="Standard"><Object Type="Object">635596926888217855</Object><Operation>AddInExecute</Operation><Value>WOTypeDuration</Value></Action><Action Type="Standard"><Object Type="Named"></Object><Operation>Fire</Operation><Value>ShowHideDuration</Value></Action></Then><Else /></Rule><Rule Name="Show/Hide Duration" Notes="" Active="True"><Triggers><Trigger Type="Named" Name="ShowHideDuration" /></Triggers><Conditions LogicalExpression="0"><Condition><Source Type="Field" TableNode="True">TOA$Work_Order.Duration</Source><Property>Value</Property><Operator>GT</Operator><Value>0</Value></Condition></Conditions><Then><Action Type="Standard"><Object Type="Field" TableNode="True">TOA$Work_Order.Duration</Object><Operation>Hidden</Operation><Value>False</Value></Action><Action Type="Standard"><Object Type="Field" TableNode="True">TOA$Work_Order.Duration</Object><Operation>Required</Operation><Value>True</Value></Action></Then><Else><Action Type="Standard"><Object Type="Field" TableNode="True">TOA$Work_Order.Duration</Object><Operation>Hidden</Operation><Value>True</Value></Action><Action Type="Standard"><Object Type="Field" TableNode="True">TOA$Work_Order.Duration</Object><Operation>Required</Operation><Value>False</Value></Action></Else></Rule><Rule Name="Show/Hide Manual Duration" Notes="" Active="True"><Triggers><Trigger Type="EditorLoaded" /><Trigger Type="RecordSaved" /></Triggers><Conditions LogicalExpression="1 0 &amp;"><Condition><Source Type="Field" TableNode="True">TOA$Work_Order_Type.Manual_Duration</Source><Property>Value</Property><Operator>EQ</Operator><Value>1</Value></Condition><Condition><Source Type="Field" TableNode="True">TOA$Work_Order.WO_Type</Source><Property>Value</Property><Operator>IS_NOT_NULL</Operator><Value></Value></Condition></Conditions><Then><Action Type="Standard"><Object Type="Field" TableNode="True">TOA$Work_Order.Duration</Object><Operation>Hidden</Operation><Value>False</Value></Action></Then><Else><Action Type="Standard"><Object Type="Field" TableNode="True">TOA$Work_Order.Duration</Object><Operation>Hidden</Operation><Value>True</Value></Action></Else></Rule><Rule Name="Disable Override" Notes="" Active="True"><Triggers><Trigger Type="EditorLoaded" /><Trigger Type="RecordSaved" /></Triggers><Conditions LogicalExpression="0 1 &amp; 2 &amp;"><Condition><Source Type="Field" TableNode="True">TOA$Work_Order.WO_Date</Source><Property>Value</Property><Operator>IS_NOT_NULL</Operator><Value></Value></Condition><Condition><Source Type="Field" TableNode="True">TOA$Work_Order.WO_Time_Slot</Source><Property>Value</Property><Operator>IS_NOT_NULL</Operator><Value></Value></Condition><Condition><Source Type="Field" TableNode="True">TOA$Work_Order.Override_Request</Source><Property>Value</Property><Operator>LIST</Operator><Value>2;3</Value></Condition></Conditions><Then><Action Type="Standard"><Object Type="Field" TableNode="True">TOA$Work_Order.Override_Assigned_To</Object><Operation>ReadOnly</Operation><Value>True</Value></Action><Action Type="Standard"><Object Type="Field" TableNode="True">TOA$Work_Order.Override_Request</Object><Operation>ReadOnly</Operation><Value>True</Value></Action></Then><Else><Action Type="Standard"><Object Type="Field" TableNode="True">TOA$Work_Order.Override_Assigned_To</Object><Operation>ReadOnly</Operation><Value>False</Value></Action><Action Type="Standard"><Object Type="Field" TableNode="True">TOA$Work_Order.Override_Request</Object><Operation>ReadOnly</Operation><Value>False</Value></Action></Else></Rule><Rule Name="Cancel Override Request" Notes="" Active="True"><Triggers><Trigger Type="FieldValueChanged" ObjectName="TOA$Work_Order" FieldName="Override_Request" /></Triggers><Conditions LogicalExpression="0"><Condition><Source Type="Field" TableNode="True">TOA$Work_Order.Override_Request</Source><Property>Value</Property><Operator>IS_NULL</Operator><Value></Value></Condition></Conditions><Then><Action Type="Standard"><Object Type="Field" TableNode="True">TOA$Work_Order.Override_Assigned_To</Object><Operation>Value</Operation><Value></Value></Action><Action Type="Standard"><Object Type="Field" TableNode="True">TOA$Work_Order.Override_Assigned_To</Object><Operation>Hidden</Operation><Value>True</Value></Action></Then><Else /></Rule><Rule Name="Hide Work Order Area AddIn" Notes="" Active="True"><Triggers><Trigger Type="EditorLoaded" /><Trigger Type="RecordSaved" /></Triggers><Conditions LogicalExpression="0 1 &amp;"><Condition><Source Type="Field" TableNode="True">TOA$Work_Order.WO_Type</Source><Property>Value</Property><Operator>IS_NOT_NULL</Operator><Value></Value></Condition><Condition><Source Type="Field" TableNode="True">TOA$Work_Order.WO_Area</Source><Property>Value</Property><Operator>IS_NOT_NULL</Operator><Value></Value></Condition></Conditions><Then><Action Type="Standard"><Object Type="Object">635600500367379666</Object><Operation>Hidden</Operation><Value>True</Value></Action><Action Type="Standard"><Object Type="Field" TableNode="True">TOA$Work_Order.WO_Area</Object><Operation>Hidden</Operation><Value>False</Value></Action><Action Type="Standard"><Object Type="Field" TableNode="True">TOA$Work_Order.WO_Area</Object><Operation>ReadOnly</Operation><Value>True</Value></Action><Action Type="Standard"><Object Type="Field" TableNode="True">TOA$Work_Order.WO_Type</Object><Operation>ReadOnly</Operation><Value>True</Value></Action></Then><Else /></Rule><Rule Name="Set Override Status" Notes="" Active="True"><Triggers><Trigger Type="FieldValueChanged" ObjectName="TOA$Work_Order" FieldName="Override_Request" /></Triggers><Conditions LogicalExpression="0 1 &amp;"><Condition><Source Type="Field" TableNode="True">TOA$Work_Order.Override_Request</Source><Property>Value</Property><Operator>EQ</Operator><Value>1</Value></Condition><Condition><Source Type="Field" TableNode="True">TOA$Work_Order.WO_Status</Source><Property>Value</Property><Operator>NEQ</Operator><Value>pending</Value></Condition></Conditions><Then><Action Type="Standard"><Object Type="Field" TableNode="True">TOA$Work_Order.WO_Status</Object><Operation>Value</Operation><Value>schedule override requested</Value></Action></Then><Else /></Rule><Rule Name="Set Override Request" Notes="" Active="True"><Triggers><Trigger Type="EditorLoaded" /><Trigger Type="RecordSaved" /></Triggers><Conditions LogicalExpression="0"><Condition><Source Type="Field" TableNode="True">TOA$Work_Order.Override_Request</Source><Property>Value</Property><Operator>LIST</Operator><Value>~null~</Value></Condition></Conditions><Then><Action Type="Standard"><Object Type="Field" TableNode="True">TOA$Work_Order.Override_Request</Object><Operation>ConfigureMenuItems</Operation><Value Operator="EQ">1</Value></Action></Then><Else /></Rule><Rule Name="Override Approved or Denied" Notes="" Active="True"><Triggers><Trigger Type="EditorLoaded" /></Triggers><Conditions LogicalExpression="0"><Condition><Source Type="Field" TableNode="True">TOA$Work_Order.Override_Request</Source><Property>Value</Property><Operator>LIST</Operator><Value>2;3</Value></Condition></Conditions><Then><Action Type="Standard"><Object Type="Field" TableNode="True">TOA$Work_Order.Override_Assigned_To</Object><Operation>Hidden</Operation><Value>False</Value></Action><Action Type="Standard"><Object Type="Field" TableNode="True">TOA$Work_Order.Override_Assigned_To</Object><Operation>ReadOnly</Operation><Value>True</Value></Action><Action Type="Standard"><Object Type="Field" TableNode="True">TOA$Work_Order.Override_Request</Object><Operation>ReadOnly</Operation><Value>True</Value></Action></Then><Else /></Rule></Rules><TabSet CanReorderTabs="True" WrapTabs="True" Margin="0, 0, 0, 0" TabIndex="3" ThresholdHeight="310" SummaryPanelHeight="210" SummaryPanelAlignment="FirstTab" Id="635598663957296060" SummaryTab="0"><Tab TextColor="" Text="Summary"><Table ColumnCount="2" RowCount="1" BackColor="White" ForeColor="Black" AutoScroll="True" Id="635524257595305079"><Table Row="0" Column="0" ColumnSpan="2" ColumnCount="4" RowCount="9" BackColor="Transparent" ForeColor="Black" Id="635546019201110734"><Field Row="0" Column="0" ColumnSpan="2" ObjectId="Incident" FieldId="Subject" TabIndex="12" LabelText="Incident" ReadOnlyOption="OnNew:~any~;OnEdit:~any~" SpellCheck="False" Multiline="False" Id="635524323038977395" /><Field Row="0" Column="2" ColumnSpan="2" ObjectId="TOA$Work_Order" FieldId="Incident" TabIndex="0" LabelText="Incident Ref#" ReadOnlyOption="OnNew:~any~;OnEdit:~any~" ReportId="8002" Id="635524257418882173" /><Field Row="1" Column="0" ColumnSpan="2" ObjectId="TOA$Work_Order" FieldId="Contact" TabIndex="1" RequiredOption="OnEdit:~any~" ReadOnlyOption="OnNew:~any~;OnEdit:~any~" ReportId="8014" Id="635524257382846110" /><Field Row="1" Column="2" ColumnSpan="2" ObjectId="Org" FieldId="Name" TabIndex="13" LabelText="&amp;Organization" ReadOnlyOption="OnNew:~any~;OnEdit:~any~" SpellCheck="False" Multiline="False" TrimTextWhitespace="True" AcceptsReturn="False" Id="635524374812233688" /><Field Row="2" Column="0" ColumnSpan="2" ObjectId="TOA$Work_Order" FieldId="Contact_Email" TabIndex="2" RequiredOption="OnEdit:~any~" LabelText="Email" Id="635524326350842259" /><Field Row="2" Column="2" ColumnSpan="2" ObjectId="TOA$Work_Order" FieldId="Contact_Street" TabIndex="14" RequiredOption="OnEdit:~any~" LabelText="Street" SpellCheck="False" Multiline="False" TrimTextWhitespace="True" AcceptsReturn="False" Id="635546020618679455" /><Field Row="3" Column="0" ColumnSpan="2" ObjectId="TOA$Work_Order" FieldId="Contact_Phone" TabIndex="3" RequiredOption="OnEdit:~any~" LabelText="Phone" SpellCheck="False" Multiline="False" TrimTextWhitespace="True" AcceptsReturn="False" Id="635524294620558514" /><Field Row="3" Column="2" ObjectId="TOA$Work_Order" FieldId="Contact_City" TabIndex="6" RequiredOption="OnEdit:~any~" LabelText="City" SpellCheck="False" Multiline="False" TrimTextWhitespace="True" AcceptsReturn="False" Id="635524294092505185" /><Field Row="3" Column="3" ObjectId="TOA$Work_Order" FieldId="Contact_Province_State" TabIndex="8" LabelText="Province/State" Id="635524294124237241" /><Field Row="4" Column="0" ColumnSpan="2" ObjectId="TOA$Work_Order" FieldId="Contact_Mobile_Phone" TabIndex="4" LabelText="Mobile Phone" SpellCheck="False" Multiline="False" TrimTextWhitespace="True" AcceptsReturn="False" Id="635524294654098573" /><Field Row="4" Column="2" ObjectId="TOA$Work_Order" FieldId="Contact_Postal_Code" TabIndex="9" RequiredOption="OnEdit:~any~" LabelText="Postal Code" SpellCheck="False" Multiline="False" TrimTextWhitespace="True" AcceptsReturn="False" Id="635524294145765279" /><Field Row="4" Column="3" ObjectId="TOA$Work_Order" FieldId="Asset" TabIndex="19" ReadOnlyOption="OnEdit:~any~" HiddenOption="OnNew:~any~;OnEdit:~any~" ReportId="8018" Id="635593525641222432" /><Field Row="5" Column="0" ColumnSpan="4" ObjectId="TOA$Work_Order" FieldId="Case_Note" TabIndex="15" SpellCheck="False" Multiline="False" TrimTextWhitespace="True" AcceptsReturn="True" Id="635581550636560916" /><Field Row="6" Column="0" ColumnSpan="4" ObjectId="TOA$Work_Order" FieldId="Field_Service_Note" TabIndex="16" ReadOnlyOption="OnNew:~any~;OnEdit:~any~" SpellCheck="False" Multiline="False" TrimTextWhitespace="True" AcceptsReturn="True" Id="635581550919277086" /><AddinItem ItemType="Oracle.RightNow.Toa.WorkOrderAddIn.WorkspaceAddInFactory" BuiExtension="False" FileId="16" Row="7" Column="3" ReadOnlyOption="" Anchor="Top, Left" AutoSize="False" Height="20" Width="137" TabIndex="1" Id="635596926888217855" /><Field Row="8" Column="0" ObjectId="TOA$Work_Order" FieldId="External_ID" TabIndex="18" ReadOnlyOption="OnNew:~any~;OnEdit:~any~" Increment="1" Id="635585774960460007" /><Field Row="8" Column="2" ObjectId="TOA$Work_Order" FieldId="WO_Area" TabIndex="17" ReadOnlyOption="OnNew:~any~;OnEdit:~any~" SpellCheck="False" Multiline="False" TrimTextWhitespace="True" AcceptsReturn="False" Id="635585778198323761" /></Table></Table></Tab><Tab TextColor="" Text="Schedule" Id="635524251099291035"><Table ColumnCount="2" RowCount="16" BackColor="Transparent" ForeColor="Black" AutoScroll="True" Margin="10, 10, 10, 10" Id="635524259069905419"><TitleBar Row="0" Column="0" ColumnSpan="2" TextAlign="MiddleLeft" Text="What To Do" Font="Microsoft Sans Serif, 8.25pt, style=Bold" ForeColor="Black" Height="18" Margin="3, 0, 3, 0" Id="635524258545108896" /><Field Row="1" Column="0" ObjectId="TOA$Work_Order" FieldId="WO_Type" TabIndex="52" RequiredOption="OnEdit:~any~" Id="635554558842530795" /><Table Row="1" Column="1" RowSpan="15" ColumnCount="2" RowCount="5" ForeColor="Black" Id="635602816557379864"><Field Row="0" Column="0" ColumnSpan="2" ObjectId="TOA$Work_Order" FieldId="Resolution_Due" TabIndex="76" ReadOnlyOption="OnNew:~any~;OnEdit:~any~" Id="635554517366944993" /><Field Row="1" Column="0" ColumnSpan="2" ObjectId="TOA$Work_Order" FieldId="WO_Area" TabIndex="104" ReadOnlyOption="OnNew:~any~;OnEdit:~any~" SpellCheck="False" Multiline="False" TrimTextWhitespace="True" AcceptsReturn="False" Id="635604199232400440" /><AddinItem ItemType="Oracle.RightNow.Toa.WorkOrderAreaAddIn.WorkspaceAddInFactory" BuiExtension="False" FileId="17" Row="2" Column="0" ColumnSpan="2" ReadOnlyOption="" Anchor="Top, Left" AutoSize="False" Height="29" Width="476" TabIndex="1" Id="635600500367379666" /><Field Row="3" Column="0" ObjectId="TOA$Work_Order" FieldId="Override_Request" TabIndex="102" Id="635602813793687521" /><Field Row="3" Column="1" ObjectId="TOA$Work_Order" FieldId="Override_Assigned_To" TabIndex="103" ReportId="100041" Id="635602881959654790" /><AddinItem ItemType="Oracle.RightNow.Toa.MonthlyViewSchedulerAddIn.WorkspaceAddInFactory" BuiExtension="False" FileId="15" Row="4" Column="0" ColumnSpan="2" ReadOnlyOption="" Anchor="Top" AutoSize="False" Height="525" Width="400" TabIndex="1" Id="635600503467180056" /></Table><Field Row="2" Column="0" ObjectId="TOA$Work_Order" FieldId="Duration" TabIndex="93" Increment="1" Id="635587426591953480" /><Spacer Row="3" Column="0" Height="20" Id="635532175367104297" /><TitleBar Row="4" Column="0" TextAlign="MiddleLeft" Text="When" Font="Microsoft Sans Serif, 8.25pt, style=Bold" ForeColor="Black" Height="18" Margin="3, 0, 3, 0" Id="635524259149486165" /><Field Row="5" Column="0" ObjectId="TOA$Work_Order" FieldId="WO_Date" TabIndex="69" ReadOnlyOption="OnNew:~any~;OnEdit:~any~" Id="635545382280670820" /><Field Row="6" Column="0" ObjectId="TOA$Work_Order" FieldId="WO_Time_Slot" TabIndex="54" ReadOnlyOption="OnNew:~any~;OnEdit:~any~" SpellCheck="False" Multiline="False" TrimTextWhitespace="True" AcceptsReturn="False" Id="635539791114012293" /><Spacer Row="7" Column="0" Height="20" Id="635539788010737223" /><TitleBar Row="8" Column="0" TextAlign="MiddleLeft" Text="Communication" Font="Microsoft Sans Serif, 8.25pt, style=Bold" ForeColor="Black" Height="18" Margin="3, 0, 3, 0" Id="635524268385160131" /><Field Row="9" Column="0" ObjectId="TOA$Work_Order" FieldId="Reminder_Time" TabIndex="9" /><Spacer Row="10" Column="0" Height="20" /><TitleBar Row="11" Column="0" TextAlign="MiddleLeft" Text="Work Order Information" Font="Microsoft Sans Serif, 8.25pt, style=Bold" ForeColor="Black" Height="18" Margin="3, 0, 3, 0" Id="635524268733414798" /><Field Row="12" Column="0" ObjectId="TOA$Work_Order" FieldId="WO_Status" TabIndex="66" ReadOnlyOption="OnNew:~any~;OnEdit:~any~" SpellCheck="False" Multiline="False" TrimTextWhitespace="True" AcceptsReturn="False" Id="635539791658225781" /><Field Row="13" Column="0" ObjectId="TOA$Work_Order" FieldId="Resource" TabIndex="65" ReadOnlyOption="OnNew:~any~;OnEdit:~any~" SpellCheck="False" Multiline="False" TrimTextWhitespace="True" AcceptsReturn="False" Id="635539791208046664" /><Spacer Row="14" Column="0" Height="20" Id="635524285970899601" /><Table Row="15" Column="0" ColumnCount="2" RowCount="3" ForeColor="Black"><Button Row="0" Column="0" AutoSize="True" ImagePosition="Left" Anchor="Top" Width="132" Height="23" Text="Reschedule Work Order" ForeColor="Black" Margin="3, 3, 3, 3" TabIndex="4" Id="635524286429679643" /><Button Row="0" Column="1" AutoSize="True" ImagePosition="Left" Anchor="Top" Width="108" Height="23" Text="Cancel Work Order" ForeColor="Black" Margin="3, 3, 3, 3" TabIndex="5" Id="635524286570084980" /><Spacer Row="1" Column="0" Height="20" /><Spacer Row="1" Column="1" Height="20" /><Field Row="2" Column="0" ObjectId="TOA$Work_Order" FieldId="Reschedule_Reason" TabIndex="46" SpellCheck="False" Multiline="True" TrimTextWhitespace="True" AcceptsReturn="True" Height="90" ScrollBars="Vertical" Id="635562461904327967" /><Field Row="2" Column="1" ObjectId="TOA$Work_Order" FieldId="Cancel_Reason" TabIndex="45" SpellCheck="False" Multiline="True" TrimTextWhitespace="True" AcceptsReturn="True" Height="90" ScrollBars="Vertical" Id="635545534217851130" /></Table></Table></Tab><Tab TextColor="Black" Text="Assets" Id="635524251421289745"><Table ColumnCount="1" RowCount="1" BackColor="Transparent" ForeColor="Black" Id="635570202927206931"><Table Row="0" Column="0" ColumnCount="1" RowCount="2" ForeColor="Black" Id="635596993077740239"><TitleBar Row="0" Column="0" TextAlign="MiddleLeft" Text="Primary Asset" Font="Microsoft Sans Serif, 8.25pt, style=Bold" ForeColor="Black" Height="18" Margin="3, 0, 3, 0" /><Report Row="1" Column="0" SearchReportId="0" AcId="100037" ExecuteOnNew="True" ShowRowCount="True" TabIndex="5" DeleteRecordsImmediately="False" NewRecordsInSeparateWorkgroup="False" OpenRecordsInSeparateWorkgroup="False" FilterOnPrimaryKeyOnly="False" RefreshReportOnDataChange="True" HideReportCommands="True" Id="635570203721822381" /></Table></Table></Tab><Tab TextColor="Black" Text="Inventory" Id="635562383842635704"><Table ColumnCount="1" RowCount="1" BackColor="Transparent" ForeColor="Black"><Report Row="0" Column="0" SearchReportId="0" AcId="100038" ExecuteOnNew="True" ShowRowCount="True" TabIndex="0" DeleteRecordsImmediately="False" NewRecordsInSeparateWorkgroup="False" OpenRecordsInSeparateWorkgroup="False" FilterOnPrimaryKeyOnly="False" RefreshReportOnDataChange="True" HideReportCommands="True" Id="635563126254106601" /></Table></Tab><Tab TextColor="Black" Text="Audit Log" Id="635524251655419990"><Table ColumnCount="1" RowCount="1" BackColor="Transparent" ForeColor="Black"><RelationshipItem ItemType="CustomObjectAuditLog" Row="0" Column="0" AcId="9037" ExecuteOnNew="False" HideReportCommands="True" DelayReportExecution="True" TabIndex="0" /></Table></Tab></TabSet></Workspace>