<Workspace xmlns:dbaudit="http://www.rightnow.com/schemas/dbaudit" ServerVersion="Oracle Service Cloud 21B (Build 244 - 04/16/2021 02:33)" ClientVersion="21.5.0.244" Type="Contact" UIType="Contact" IsMultiEdit="False" SpellCheckOnSave="False" SpellCheckAllowCancel="False" BrowserCompatibilityMode="False">
  <RecordTypes>
    <RecordType Id="6" Name="Contact" />
    <RecordType Id="7" Name="Org" />
    <RecordType Id="1" Name="Incident" />
    <RecordType Id="5" Name="Opportunity" />
    <RecordType Id="8" Name="Task" />
    <RecordType Id="49" Name="Chat" />
    <RecordType Id="126" Name="Asset" />
    <RecordType Id="152" Name="Interaction" />
    <RecordType Id="10005" Name="TOA$Work_Order" />
  </RecordTypes><Ribbon><RibbonTab TextLabelName="HOME_LBL"><RibbonGroup TextLabelName="SAVE_CMD"><RibbonButtonItem ButtonSize="Large" ItemId="Save" /><RibbonButtonItem ButtonSize="Large" ItemId="SaveAndClose" /></RibbonGroup><RibbonGroup TextLabelName="ACTIONS_LBL"><RibbonButtonItem ButtonSize="Large" ItemId="New" /><RibbonButtonItem ButtonSize="Large" ItemId="Refresh" /><RibbonButtonItem ButtonSize="Large" ItemId="Appointment" /><RibbonButtonItem ButtonSize="Small" ItemId="Print" /><RibbonButtonItem ButtonSize="Small" ItemId="Copy" /><RibbonButtonItem ButtonSize="Small" ItemId="Delete" /><RibbonButtonItem ItemId="Separator" /><RibbonButtonItem ButtonSize="Large" ItemId="ResetPassword" /></RibbonGroup><RibbonGroup TextLabelName="PROOFING_LBL"><RibbonButtonItem ButtonSize="Large" ItemId="SpellCheck" /></RibbonGroup><RibbonGroup TextLabelName="LINKS_AND_INFO_LBL"><RibbonButtonItem ButtonSize="Large" ItemId="EditorLinks"><Links><LinkItem Title="Oracle Service Cloud" Url="http://cloud.oracle.com/service" /></Links></RibbonButtonItem><RibbonButtonItem ItemId="Separator" /><RibbonButtonItem ButtonSize="Large" ItemId="Info" /></RibbonGroup></RibbonTab></Ribbon><QuickAccessToolbar><QuickAccessToolbarItem ItemId="New" /><QuickAccessToolbarItem ItemId="Save" /><QuickAccessToolbarItem ItemId="SaveAndClose" /><QuickAccessToolbarItem ItemId="Print" /><QuickAccessToolbarItem ItemId="Bookmark" /></QuickAccessToolbar><Flag /><Info><InfoItem ObjectId="Contact" FieldId="CId" /><InfoItem ObjectId="Contact" FieldId="Created" /><InfoItem ObjectId="Contact" FieldId="Updated" /><InfoItem ObjectId="Contact" FieldId="RuleState" /></Info><TabSet ThresholdHeight="360" SummaryPanelHeight="205" Margin="0, 0, 0, 0" TabIndex="3" SummaryPanelAlignment="Top" CanReorderTabs="True" WrapTabs="True" SummaryTab="0"><Tab TextLabelName="SUMMARY_LBL" TextColor=""><Table ColumnCount="2" RowCount="7" BackColor="White" ForeColor="ControlText"><Field Row="0" Column="0" ObjectId="Contact" FieldId="Name.First" RequiredOption="OnNew:~any~;OnEdit:~any~" TabIndex="1" TrimTextWhitespace="True" SpellCheck="False" Multiline="False" AcceptsReturn="False" /><Field Row="0" Column="1" ObjectId="Contact" FieldId="State" TabIndex="7" /><Field Row="1" Column="0" ObjectId="Contact" FieldId="Name.Last" RequiredOption="OnNew:~any~;OnEdit:~any~" TabIndex="2" TrimTextWhitespace="True" SpellCheck="False" Multiline="False" AcceptsReturn="False" /><Field Row="1" Column="1" ObjectId="Contact" FieldId="OrgId" TabIndex="8" ReportId="8001" /><Field Row="2" Column="0" ObjectId="Contact" FieldId="Email" TabIndex="3" /><Field Row="2" Column="1" ObjectId="Contact" FieldId="SalesAcctId" TabIndex="9" DefaultValue="" /><Field Row="3" Column="0" ObjectId="Contact" FieldId="PhOffice" TabIndex="4" DefaultPhoneType="0" /><Field Row="3" Column="1" ObjectId="Contact" FieldId="Title" TabIndex="10" TrimTextWhitespace="True" SpellCheck="False" Multiline="False" AcceptsReturn="False" /><Field Row="4" Column="0" RowSpan="2" ObjectId="Contact" FieldId="Addr" TabIndex="5" Height="50" /><Field Row="4" Column="1" ObjectId="Contact" FieldId="Login" RequiredOption="" TabIndex="11" TrimTextWhitespace="True" SpellCheck="False" Multiline="False" AcceptsReturn="False" /><RelationshipItem ItemType="SlaContainer" Row="5" Column="1" LayoutLabelAlignment="Right" LayoutLabelPosition="Left" TabIndex="12" /><Field Row="6" Column="0" ObjectId="Contact" FieldId="CtypeId" TabIndex="6" /><Field Row="6" Column="1" ObjectId="Contact" FieldId="MaOptIn" TabIndex="12" BooleanRenderView="Dropdown" /></Table></Tab><Tab TextLabelName="OPPORTUNITIES_LBL" TextColor="Black"><Table ColumnCount="0" RowCount="1" BackColor="Transparent" ForeColor="ControlText"><RelationshipItem ItemType="OpportunitiesView" Row="0" Column="0" AcId="9030" ShowRowCount="True" Margin="0, 0, 0, 0" Padding="6, 3, 6, 0" DelayReportExecution="True" SearchReportId="0" ExecuteOnNew="False" TabIndex="0" /></Table></Tab><Tab TextLabelName="NOTES_LBL" TextColor="Black"><Table ColumnCount="0" RowCount="1" BackColor="Transparent" ForeColor="ControlText"><RelationshipItem ItemType="ContactNotes" Row="0" Column="0" Margin="0, 0, 0, 0" Padding="6, 3, 6, 0" DefaultChannelForNote="NoDefault" TabIndex="0" /></Table></Tab><Tab TextLabelName="TASKS_LBL" TextColor=""><Table ColumnCount="0" RowCount="1" BackColor="Transparent" ForeColor="ControlText" Margin="0, 0, 0, 0"><RelationshipItem ItemType="Tasks" Row="0" Column="0" AcId="9016" SearchReportId="8012" ShowRowCount="True" Margin="0, 0, 0, 0" Padding="6, 3, 6, 0" ExecuteOnNew="False" TabIndex="0" /></Table></Tab><Tab TextLabelName="INCIDENTS_LBL" TextColor="Black" Id="637931325307471993"><Table ColumnCount="0" RowCount="1" BackColor="Transparent" ForeColor="ControlText"><RelationshipItem ItemType="IncidentView" Row="0" Column="0" AcId="9029" ShowRowCount="True" Margin="0, 0, 0, 0" Padding="6, 3, 6, 0" DelayReportExecution="True" SearchReportId="0" ExecuteOnNew="False" TabIndex="0" /></Table></Tab><Tab TextLabelName="SURVEYS_LBL" TextColor="Black"><Table ColumnCount="0" RowCount="1" BackColor="Transparent" ForeColor="ControlText"><RelationshipItem ItemType="SurveyHistoryView" Row="0" Column="0" AcId="10012" ShowRowCount="True" HideReportCommands="True" Margin="0, 0, 0, 0" Padding="6, 3, 6, 0" DelayReportExecution="True" ExecuteOnNew="False" TabIndex="0" /></Table></Tab><Tab TextLabelName="OUTREACH_ACTIVITY_LBL" TextColor="Black"><Table ColumnCount="0" RowCount="1" BackColor="Transparent" ForeColor="ControlText"><RelationshipItem ItemType="MarketingActivityView" Row="0" Column="0" AcId="10009" ShowRowCount="True" HideReportCommands="True" Margin="0, 0, 0, 0" Padding="6, 3, 6, 0" DelayReportExecution="True" ExecuteOnNew="False" TabIndex="0" /></Table></Tab><Tab TextLabelName="ATTACHMENTS_LBL" TextColor="Black"><Table ColumnCount="0" RowCount="1" BackColor="Transparent" ForeColor="ControlText"><RelationshipItem ItemType="FileAttachments" Row="0" Column="0" Margin="0, 0, 0, 0" Padding="6, 3, 6, 0" TabIndex="0" /></Table></Tab><Tab TextLabelName="AUDIT_LOG_LBL" TextColor="Black"><Table ColumnCount="0" RowCount="1" BackColor="Transparent" ForeColor="ControlText"><RelationshipItem ItemType="ContactAuditLog" Row="0" Column="0" Margin="0, 0, 0, 0" Padding="6, 3, 6, 0" ShowReadTransactions="False" AcId="9050" ExecuteOnNew="False" TabIndex="0" /></Table></Tab><Tab TextColor="Black" Text="New Tab 1" Id="637926731527730692"><Table ColumnCount="1" RowCount="1" BackColor="Transparent" ForeColor="ControlText"><Report Row="0" Column="0" FilterOnPrimaryKeyOnly="False" SearchReportId="0" AcId="100047" ExecuteOnNew="False" DelayReportExecution="True" ShowRowCount="False" TabIndex="0" Id="637926731800873620" /></Table></Tab><Tab TextColor="Black" Text="New Tab 2" Id="637926731857706155"><Table ColumnCount="1" RowCount="1" BackColor="Transparent" ForeColor="ControlText"><AddinItem ItemType="DecimalExtension" BuiExtension="True" FileId="2" Row="0" Column="0" Anchor="Top, Left" AutoSize="False" Height="23" Width="101" /></Table></Tab><Tab TextColor="Black" Text="New Tab 3" Id="637932745291587889"><Table ColumnCount="0" RowCount="1" ForeColor="0, 0, 0"><Field Row="0" Column="0" ObjectId="Contact" FieldId="Name.First" RequiredOption="OnNew:~any~;OnEdit:~any~" TabIndex="0" TrimTextWhitespace="True" SpellCheck="False" Multiline="False" AcceptsReturn="False" /></Table></Tab></TabSet></Workspace>