<Workspace xmlns:dbaudit="http://www.rightnow.com/schemas/dbaudit" ServerVersion="Oracle Service Cloud 21B (Build 244 - 04/16/2021 02:33)" ClientVersion="21.5.0.244" Type="IncidentMultiEdit" UIType="Incident" IsMultiEdit="True" SpellCheckOnSave="False" SpellCheckAllowCancel="False" BrowserCompatibilityMode="False">
  <RecordTypes>
    <RecordType Id="1" Name="Incident" />
  </RecordTypes><Ribbon><RibbonTab TextLabelName="HOME_LBL"><RibbonGroup TextLabelName="SAVE_CMD"><RibbonButtonItem ItemId="SaveAndClose" /></RibbonGroup><RibbonGroup TextLabelName="PROOFING_LBL"><RibbonButtonItem ItemId="SpellCheck" /></RibbonGroup><RibbonGroup TextLabelName="LINKS_LBL"><RibbonButtonItem ItemId="EditorLinks" ><Links><LinkItem Title="Oracle Service Cloud" Url="http://cloud.oracle.com/service" /></Links></RibbonButtonItem></RibbonGroup></RibbonTab></Ribbon><QuickAccessToolbar><QuickAccessToolbarItem ItemId="SaveAndClose" /></QuickAccessToolbar><TabSet CanReorderTabs="True" WrapTabs="True" SummaryPanelAlignment="Top" ThresholdHeight="310" SummaryPanelHeight="210" Margin="0, 0, 0, 0" TabIndex="3" Id="637925665322741735" SummaryTab="0"><Tab Text="Summary" TextColor=""><Table BackColor="White" ColumnCount="0" RowCount="4" ForeColor="0, 0, 0"><Field Row="0" Column="0" ObjectId="Incident" FieldId="Subject" TabIndex="0" SpellCheck="False" Multiline="False" /><Field Row="1" Column="0" ObjectId="Incident" FieldId="ProdId" TabIndex="1" RequiredForSolved="False" /><Field Row="2" Column="0" ObjectId="Incident" FieldId="CatId" TabIndex="2" RequiredForSolved="False" /><Field Row="3" Column="0" ObjectId="Incident" FieldId="DispId" TabIndex="3" RequiredForSolved="False" /></Table></Tab><Tab Text="Extension" TextColor="" Id="637925666107269809"><Table ColumnCount="1" RowCount="1" ForeColor="0, 0, 0"><AddinItem ItemType="calendartest1" BuiExtension="True" FileId="1" Row="0" Column="0" Anchor="Top, Left" AutoSize="False" Height="23" Width="81" /></Table></Tab><Tab Text="Reports" TextColor="Black" Id="637925666140729878"><Table ColumnCount="1" RowCount="1" ForeColor="0, 0, 0"><Report Row="0" Column="0" FilterOnPrimaryKeyOnly="False" SearchReportId="0" AcId="100044" ExecuteOnNew="False" DelayReportExecution="True" ShowRowCount="False" TabIndex="0" Id="637925666559361219" /></Table></Tab></TabSet></Workspace>