<Workspace xmlns:dbaudit="http://www.rightnow.com/schemas/dbaudit" ServerVersion="Oracle Service Cloud 21B (Build 244 - 04/16/2021 02:33)" ClientVersion="21.5.0.244" Type="Incident" UIType="Incident" IsMultiEdit="False" SpellCheckOnSave="False" SpellCheckAllowCancel="False" BrowserCompatibilityMode="False">
  <RecordTypes>
    <RecordType Id="1" Name="Incident" />
    <RecordType Id="126" Name="Asset" />
    <RecordType Id="6" Name="Contact" />
    <RecordType Id="7" Name="Org" />
    <RecordType Id="8" Name="Task" />
    <RecordType Id="49" Name="Chat" />
    <RecordType Id="152" Name="Interaction" />
    <RecordType Id="10001" Name="Gitlab$MR_records" />
    <RecordType Id="10005" Name="TOA$Work_Order" />
  </RecordTypes><Ribbon><RibbonTab TextLabelName="HOME_LBL"><RibbonGroup TextLabelName="SAVE_CMD"><RibbonButtonItem ItemId="Save" ButtonSize="Large" /><RibbonButtonItem ItemId="SaveAndClose" ButtonSize="Large" /></RibbonGroup><RibbonGroup TextLabelName="ACTIONS_LBL"><RibbonButtonItem ItemId="New" ButtonSize="Large" /><RibbonButtonItem ItemId="Refresh" ButtonSize="Large" /><RibbonButtonItem ItemId="Forward" ButtonSize="Large" /><RibbonButtonItem ItemId="Separator" /><RibbonButtonItem ItemId="Print" ButtonSize="Small" /><RibbonButtonItem ItemId="Copy" ButtonSize="Small" /><RibbonButtonItem ItemId="Delete" ButtonSize="Small" /></RibbonGroup><RibbonGroup TextLabelName="PROOFING_LBL"><RibbonButtonItem ItemId="SpellCheck" ButtonSize="Large" /></RibbonGroup><RibbonGroup TextLabelName="RELATED_ACTIVITIES_LBL"><RibbonButtonItem ItemId="DecisionTree"><Behavior SelectTree="True" SearchTree="True" SearchReportId="8013" /></RibbonButtonItem><RibbonButtonItem ItemId="Propose" ButtonSize="Large" /><RibbonButtonItem ItemId="BestAnswer" ButtonSize="Large" /><RibbonButtonItem ItemId="OfferAdvisor" ButtonSize="Small" /><RibbonButtonItem ItemId="NewServiceOpp" ButtonSize="Small" /><RibbonButtonItem ItemId="Appointment" ButtonSize="Small" /></RibbonGroup><RibbonGroup TextLabelName="LINKS_AND_INFO_LBL"><RibbonButtonItem ItemId="EditorLinks" ButtonSize="Large"><Links><LinkItem Title="Oracle Service Cloud" Url="http://cloud.oracle.com/service" /></Links></RibbonButtonItem><RibbonButtonItem ItemId="Separator" /><RibbonButtonItem ItemId="Info" ButtonSize="Large" /></RibbonGroup></RibbonTab></Ribbon><QuickAccessToolbar><QuickAccessToolbarItem ItemId="New" /><QuickAccessToolbarItem ItemId="Save" /><QuickAccessToolbarItem ItemId="SaveAndClose" /><QuickAccessToolbarItem ItemId="Print" /><QuickAccessToolbarItem ItemId="Bookmark" /></QuickAccessToolbar><Flag /><Info><InfoItem ObjectId="Incident" FieldId="IId" /><InfoItem ObjectId="Incident" FieldId="Created" /><InfoItem ObjectId="Incident" FieldId="Updated" /><InfoItem ObjectId="Incident" FieldId="InitialSoln" /><InfoItem ObjectId="Incident" FieldId="LastResp" /><InfoItem ObjectId="Incident" FieldId="RelDue" /><InfoItem ObjectId="Incident" FieldId="Closed" /><InfoItem ObjectId="Incident" FieldId="CreatedBy" /><InfoItem ObjectId="Incident" FieldId="RuleCtx.Escllevel" /><InfoItem ObjectId="Incident" FieldId="RuleCtx.State" /></Info><TabSet CanReorderTabs="True" WrapTabs="True" Margin="0, 0, 0, 0" TabIndex="3" ThresholdHeight="275" SummaryPanelHeight="175" SummaryPanelAlignment="FirstTab" SummaryTab="0"><Tab TextColor="" TextLabelName="SUMMARY_LBL"><Table ColumnCount="2" RowCount="5" BackColor="White" ForeColor="ControlText"><Field Row="0" Column="0" ObjectId="Incident" FieldId="Subject" TabIndex="9" RequiredOption="OnNew:~any~" SpellCheck="False" Multiline="False" Id="635495788184895816" /><Field Row="0" Column="1" ObjectId="Incident" FieldId="CId" TabIndex="5" ReportId="8014" Id="635530387896289687" /><Field Row="1" Column="0" ObjectId="Incident" FieldId="RefNo" TabIndex="1" SpellCheck="False" Multiline="False" TrimTextWhitespace="True" AcceptsReturn="False" /><Field Row="1" Column="1" ObjectId="Org" FieldId="Name" TabIndex="6" ReadOnlyOption="OnNew:~any~;OnEdit:~any~" SpellCheck="False" Multiline="False" TrimTextWhitespace="True" AcceptsReturn="False" Id="635530387910953713" /><Field Row="2" Column="0" ObjectId="Incident" FieldId="Status.Id" TabIndex="2" /><Field Row="2" Column="1" ObjectId="Incident" FieldId="AssetId" TabIndex="10" ReportId="8018" /><Field Row="3" Column="0" ObjectId="Incident" FieldId="Assigned" TabIndex="3" ShowParent="True" /><Field Row="3" Column="1" ObjectId="Incident" FieldId="ProdId" TabIndex="7" RequiredForSolved="False" Id="635530387922653734" /><Field Row="4" Column="0" ObjectId="Incident" FieldId="DispId" TabIndex="4" RequiredForSolved="False" /><Field Row="4" Column="1" ObjectId="Incident" FieldId="CatId" TabIndex="8" RequiredForSolved="False" /></Table></Tab><Tab TextColor="" TextLabelName="MESSAGES_LBL"><Table ColumnCount="1" RowCount="1" BackColor="Transparent" ForeColor="ControlText" Padding="6, 3, 6, 6"><RelationshipItem ItemType="RichIncidentThread" Row="0" Column="0" SearchReportId="125" Margin="0, 0, 0, 0" TabIndex="0" IsUsingDefaultEmailFont="True" Font="Arial, 12pt" CanFollowLinks="True" CanFollowIncidentLinks="True" CanSendOnSave="True" CanUseSmartAssistant="True" CanSearchKb="True" CanUseStandardText="True" CanToggleToPlainText="True" DefaultToPlainText="False" AlwaysUsePlainText="False" CanAddResponse="True" CanAddCustomerEntry="True" CanAddNote="True" CanAddCC="True" CanAddBCC="True" ThreadOrientation="Vertical" CommitResponseOnSave="True" ConfirmResponse="False" DefaultChannelForCustomerEntry="Phone" DefaultChannelForNote="NoDefault" DefaultThreadOnEdit="Response" DefaultThreadOnNew="CustomerEntry" ReassignOnResponse="ToCurrentAgent" SendResponseDefault="Never" StatusChangeOnResponse="ToSolved" ResponsePanelCoupled="False" ThumbnailsEnabled="False" ThumbnailsThreshold="10" AlwaysShowEmailHeader="False" /></Table></Tab><Tab TextColor="Black" TextLabelName="CONTACTS_LBL"><Table ColumnCount="2" RowCount="5" BackColor="Transparent" ForeColor="ControlText" AutoScroll="True" Padding="6, 6, 6, 6"><TitleBar Row="0" Column="0" ColumnSpan="2" TextAlign="MiddleLeft" Text="Primary Contact Information" Font="Microsoft Sans Serif, 8.25pt, style=Bold" ForeColor="Black" Height="24" Margin="3, 0, 3, 0" BackColor="LightSkyBlue" /><Field Row="1" Column="0" ObjectId="Contact" FieldId="Name.First" TabIndex="9" RequiredOption="OnNew:~any~;OnEdit:~any~" SpellCheck="False" Multiline="False" TrimTextWhitespace="True" AcceptsReturn="False" /><Field Row="1" Column="1" ObjectId="Contact" FieldId="Name.Last" TabIndex="10" RequiredOption="OnNew:~any~;OnEdit:~any~" SpellCheck="False" Multiline="False" TrimTextWhitespace="True" AcceptsReturn="False" /><Field Row="2" Column="0" ObjectId="Contact" FieldId="Email" TabIndex="11" RequiredOption="OnNew:~any~;OnEdit:~any~" /><Field Row="2" Column="1" ObjectId="Contact" FieldId="Title" TabIndex="12" SpellCheck="False" Multiline="False" TrimTextWhitespace="True" AcceptsReturn="False" /><Field Row="3" Column="0" ObjectId="Contact" FieldId="PhOffice" TabIndex="13" DefaultPhoneType="0" /><Field Row="3" Column="1" ObjectId="Contact" FieldId="Addr" TabIndex="14" Height="47" /><TabSet Row="4" Column="0" ColumnSpan="2" CanReorderTabs="True" WrapTabs="True" Margin="0, 0, 0, 0" TabIndex="11" TabDisplayStyle="Regular"><Tab TextColor="" TextLabelName="CONTACTS_LBL"><Table ColumnCount="0" RowCount="1" BackColor="Transparent" ForeColor="ControlText" Padding="6, 3, 6, 6"><RelationshipItem ItemType="Contacts" Row="0" Column="0" AcId="9011" SearchReportId="8014" ShowRowCount="True" TabIndex="0" DelayReportExecution="True" ExecuteOnNew="False" /></Table></Tab><Tab TextColor="Black" TextLabelName="CONTACT_FIELDS_LBL"><Table ColumnCount="3" RowCount="3" BackColor="Transparent" ForeColor="ControlText" Padding="6, 3, 6, 6"><Field Row="0" Column="0" ObjectId="Contact" FieldId="Login" TabIndex="17" RequiredOption="" SpellCheck="False" Multiline="False" TrimTextWhitespace="True" AcceptsReturn="False" /><Field Row="0" Column="1" ObjectId="Contact" FieldId="MaOptIn" TabIndex="19" BooleanRenderView="Dropdown" /><Field Row="0" Column="2" ObjectId="Contact" FieldId="State" TabIndex="21" /><Field Row="1" Column="1" ObjectId="Contact" FieldId="MaMailType" TabIndex="20" /><Field Row="1" Column="2" ObjectId="Contact" FieldId="Source" TabIndex="22" /></Table></Tab><Tab TextColor="Black" TextLabelName="INCIDENT_HISTORY_LBL"><Table ColumnCount="0" RowCount="1" BackColor="Transparent" ForeColor="ControlText" Padding="6, 3, 6, 6"><Report Row="0" Column="0" SearchReportId="0" AcId="9029" ExecuteOnNew="False" ShowRowCount="True" TabIndex="0" DelayReportExecution="True" FilterOnPrimaryKeyOnly="False" RefreshReportOnDataChange="True" /></Table></Tab></TabSet></Table></Tab><Tab TextColor="Black" TextLabelName="DETAILS_LBL" Id="635554483316823720"><Table ColumnCount="3" RowCount="4" BackColor="Transparent" ForeColor="ControlText" AutoScroll="True" Padding="6, 3, 6, 6"><Field Row="0" Column="0" ObjectId="Incident" FieldId="MailboxId" TabIndex="24" Id="635555295769469813" /><Field Row="0" Column="1" ObjectId="Incident" FieldId="InterfaceId" TabIndex="27" Id="635555295804801834" /><Field Row="0" Column="2" ObjectId="Incident" FieldId="QueueId" TabIndex="30" Id="635555295736997955" /><Field Row="1" Column="0" ObjectId="Incident" FieldId="Source" TabIndex="25" ShowParent="False" Id="635555295783130594" /><Field Row="1" Column="1" ObjectId="Incident" FieldId="LangId" TabIndex="28" Id="635555295818322607" /><Field Row="1" Column="2" ObjectId="Incident" FieldId="SlaiId" TabIndex="29" /><Field Row="2" Column="0" ObjectId="Incident" FieldId="SeverityId" TabIndex="26" Id="635555295795191284" /><Field Row="2" Column="2" ObjectId="Incident" FieldId="RelDue" TabIndex="32" Id="635555295751928809" /><Report Row="3" Column="0" ColumnSpan="3" SearchReportId="0" AcId="100002" ExecuteOnNew="True" ShowRowCount="False" TabIndex="31" DeleteRecordsImmediately="False" NewRecordsInSeparateWorkgroup="False" OpenRecordsInSeparateWorkgroup="False" FilterOnPrimaryKeyOnly="False" RefreshReportOnDataChange="True" HideReportCommands="True" Id="635554511413934500" /></Table></Tab><Tab TextColor="Black" TextLabelName="TIME_BILLED_LBL"><Table ColumnCount="0" RowCount="1" BackColor="Transparent" ForeColor="ControlText" Padding="6, 3, 6, 6"><RelationshipItem ItemType="TimeBilled" Row="0" Column="0" ShowRowCount="True" TabIndex="0" TimeRequiredForSolved="False" TimeRequiredForEdit="False" ExecuteOnNew="False" /></Table></Tab><Tab TextColor="Black" Text="Work Orders" Id="635521733385952149"><Table ColumnCount="1" RowCount="1" BackColor="Transparent" ForeColor="Black"><Report Row="0" Column="0" SearchReportId="0" AcId="100035" ExecuteOnNew="False" ShowRowCount="True" TabIndex="0" DelayReportExecution="True" NewRecordsInSeparateWorkgroup="False" OpenRecordsInSeparateWorkgroup="False" FilterOnPrimaryKeyOnly="False" RefreshReportOnDataChange="True" Id="635592595200884882" /></Table></Tab><Tab TextColor="Black" TextLabelName="TASKS_LBL"><Table ColumnCount="0" RowCount="1" BackColor="Transparent" ForeColor="ControlText" Padding="6, 3, 6, 6"><RelationshipItem ItemType="Tasks" Row="0" Column="0" AcId="9018" SearchReportId="8010" ShowRowCount="True" TabIndex="0" ExecuteOnNew="False" /></Table></Tab><Tab TextColor="Black" TextLabelName="ORGANIZATION_LBL"><Table ColumnCount="2" RowCount="4" BackColor="Transparent" ForeColor="ControlText" AutoScroll="True" Padding="6, 3, 6, 6"><Field Row="0" Column="0" ObjectId="Org" FieldId="Name" TabIndex="33" ReadOnlyOption="OnNew:~any~;OnEdit:~any~" SpellCheck="False" Multiline="False" TrimTextWhitespace="True" AcceptsReturn="False" /><Field Row="0" Column="1" ObjectId="Org" FieldId="Login" TabIndex="36" SpellCheck="False" Multiline="False" TrimTextWhitespace="True" AcceptsReturn="False" /><Field Row="1" Column="0" ObjectId="Org" FieldId="OrgId" TabIndex="34" TrimTextWhitespace="False" SpellCheck="False" Multiline="False" AcceptsReturn="False" /><Field Row="1" Column="1" ObjectId="Org" FieldId="PasswordEncrypt" TabIndex="37" SpellCheck="False" Multiline="False" TrimTextWhitespace="True" AcceptsReturn="False" PasswordCover="*" /><Field Row="2" Column="0" ObjectId="Org" FieldId="Oaddr" TabIndex="35" LabelText="Billing" Height="47" /><Field Row="2" Column="1" ObjectId="Org" FieldId="State" TabIndex="38" /><TabSet Row="3" Column="0" ColumnSpan="2" CanReorderTabs="True" WrapTabs="True" Margin="0, 0, 0, 0" TabIndex="6" TabDisplayStyle="Regular"><Tab TextColor="Black" TextLabelName="INCIDENT_HISTORY_LBL"><Table ColumnCount="0" RowCount="1" BackColor="Transparent" ForeColor="ControlText" Padding="6, 3, 6, 6"><Report Row="0" Column="0" SearchReportId="0" AcId="9003" ExecuteOnNew="False" ShowRowCount="True" TabIndex="0" DelayReportExecution="True" FilterOnPrimaryKeyOnly="False" RefreshReportOnDataChange="True" /></Table></Tab><Tab TextColor="Black" TextLabelName="CONTACTS_FOR_ORG_LBL"><Table ColumnCount="0" RowCount="1" BackColor="Transparent" ForeColor="ControlText" Padding="6, 3, 6, 6"><Report Row="0" Column="0" SearchReportId="0" AcId="9010" ExecuteOnNew="False" ShowRowCount="True" TabIndex="0" DelayReportExecution="True" FilterOnPrimaryKeyOnly="False" RefreshReportOnDataChange="True" /></Table></Tab></TabSet></Table></Tab><Tab TextColor="Black" TextLabelName="WEB_VISIT_LBL"><Table ColumnCount="1" RowCount="1" BackColor="Transparent" ForeColor="ControlText" Padding="6, 3, 6, 6"><Report Row="0" Column="0" SearchReportId="0" AcId="9035" ExecuteOnNew="False" ShowRowCount="True" TabIndex="0" DelayReportExecution="True" FilterOnPrimaryKeyOnly="False" HideReportCommands="True" /></Table></Tab><Tab TextColor="Black" TextLabelName="ATTACHMENTS_LBL"><Table ColumnCount="0" RowCount="1" BackColor="Transparent" ForeColor="ControlText" Padding="6, 3, 6, 6"><RelationshipItem ItemType="FileAttachments" Row="0" Column="0" TabIndex="0" /></Table></Tab><Tab TextColor="Black" TextLabelName="AUDIT_LOG_LBL"><Table ColumnCount="1" RowCount="1" BackColor="Transparent" ForeColor="ControlText" Padding="6, 3, 6, 6"><RelationshipItem ItemType="IncidentAuditLog" Row="0" Column="0" TabIndex="0" ShowReadTransactions="False" AcId="9041" ExecuteOnNew="False" /></Table></Tab></TabSet></Workspace>