<CustomObject Id="10002" Name="Override_Request" CoLabel="Override Request" Description="" DesignerData="Override_Request" IsAgentVisible="false" IsAnalyticsVisible="true" IsSubclass="false" IsMenu="true" IsMenuOnlyClass="true" HasLabels="false" HasDescription="false" HasNotes="false" HasFileAttachment="false" IsLogTransactionsEnabled="true" HasUserTransactions="false" HasSequence="true" AllowsSPMSuppression="true"><Package Name="TOA" Id="6"></Package><MenuItems><MenuItem IsLabelsMenu="false" Name="Requested"></MenuItem><MenuItem IsLabelsMenu="false" Name="Approved"></MenuItem><MenuItem IsLabelsMenu="false" Name="Denied"></MenuItem></MenuItems><InterfaceLabels><InterfaceLabel Language="en_US" Label="Override Request" Description=""></InterfaceLabel></InterfaceLabels><Keys><Key Id="10121" KeyType="1"><Fields><Field Id="10211"></Field></Fields></Key><Key Id="10122" KeyType="3"><Fields><Field Id="10212"></Field></Fields></Key></Keys><Fields><Field Id="10210" Label="DisplayOrder" Description="System Field" Name="DisplayOrder" DataTypeName="Integer" DataType="1" IsNullable="false" IsList="false" IsLookup="false" IsCoReadOnly="false" IsAutoUpdate="false" IsSequence="true" IsSystemField="true"></Field><Field Id="10211" Label="ID" Description="System Field" Name="ID" DataTypeName="Integer" DataType="1" IsNullable="false" IsList="false" IsLookup="false" IsCoReadOnly="false" IsAutoUpdate="false" IsSequence="false" IsSystemField="true"></Field><Field Id="10212" Label="Name" Description="System Field" Name="Name" DataTypeName="Text Field" DataType="2" IsNullable="false" IsList="false" IsLookup="true" IsCoReadOnly="false" IsAutoUpdate="false" IsSequence="false" IsSystemField="true" MaxLength="40" Usage="PlainText" Pattern=""></Field></Fields><Notes></Notes></CustomObject><!--VzA1tyhn/ZRWdr5FL9v56+aPmeeNUTAy9qQ=-->