<CustomObject Id="10004" Name="Work_Order_Type" CoLabel="Work Order Type" Description="" DesignerData="Work_Order_Type" IsAgentVisible="true" IsAnalyticsVisible="true" IsSubclass="false" IsMenu="true" IsMenuOnlyClass="false" HasLabels="true" HasDescription="false" HasNotes="false" HasFileAttachment="false" IsLogTransactionsEnabled="true" HasUserTransactions="false" HasSequence="true" AllowsSPMSuppression="true"><Package Name="TOA" Id="6"></Package><InterfaceLabels><InterfaceLabel Language="en_US" Label="Work Order Type" Description=""></InterfaceLabel></InterfaceLabels><Keys><Key Id="10137" KeyType="1"><Fields><Field Id="10256"></Field></Fields></Key></Keys><Fields><Field Id="10256" Label="ID" Description="System Field" Name="ID" DataTypeName="Integer" DataType="1" IsNullable="false" IsList="false" IsLookup="false" IsCoReadOnly="false" IsAutoUpdate="false" IsSequence="false" IsSystemField="true"></Field><Field Id="10257" Label="Labels" Description="System Field" Name="Labels" DataTypeName="Labels" DataType="14" IsNullable="false" IsList="true" IsLookup="false" IsCoReadOnly="false" IsAutoUpdate="false" IsSequence="false" IsSystemField="true"></Field><Field Id="10258" Label="DisplayOrder" Description="System Field" Name="DisplayOrder" DataTypeName="Integer" DataType="1" IsNullable="false" IsList="false" IsLookup="false" IsCoReadOnly="false" IsAutoUpdate="false" IsSequence="true" IsSystemField="true"></Field><Field Id="10259" Label="Manual Duration" Name="Manual_Duration" DataTypeName="Yes/No" DataType="3" IsNullable="false" IsList="false" IsLookup="false" IsCoReadOnly="false" IsAutoUpdate="false" IsSequence="false" IsSystemField="false" ServerDefaultValue="0"></Field><Field Id="10260" Label="Manual Duration Default" Name="Manual_Duration_Default" DataTypeName="Integer" DataType="1" IsNullable="true" IsList="false" IsLookup="false" IsCoReadOnly="false" IsAutoUpdate="false" IsSequence="false" IsSystemField="false" ServerDefaultValue="30" MinValue="0"></Field><Field Id="10261" Label="WO_Type_Code" Name="WO_Type_Code" DataTypeName="Integer" DataType="1" IsNullable="false" IsList="false" IsLookup="false" IsCoReadOnly="false" IsAutoUpdate="false" IsSequence="false" IsSystemField="false" ServerDefaultValue="0"></Field></Fields><Notes></Notes></CustomObject><!--1RP5e+RPn5sYGjI/Nez+xnKYXQz2tsh9ek4=-->