<CustomObject Id="10005" Name="Work_Order" CoLabel="Work Order" Description="" DesignerData="Work_Order" IsAgentVisible="true" IsAnalyticsVisible="true" IsSubclass="false" IsMenu="false" IsMenuOnlyClass="false" HasLabels="false" HasDescription="false" HasNotes="false" HasFileAttachment="true" IsLogTransactionsEnabled="true" HasUserTransactions="true" HasSequence="false" AllowsSPMSuppression="false"><Package Name="TOA" Id="6"></Package><InterfaceLabels><InterfaceLabel Language="en_US" Label="Work Order" Description=""></InterfaceLabel></InterfaceLabels><Keys><Key Id="10125" KeyType="1"><Fields><Field Id="10216"></Field></Fields></Key><Key Id="10126" KeyType="3"><Fields><Field Id="10222"></Field></Fields></Key><Key Id="10127" KeyType="3"><Fields><Field Id="10219"></Field></Fields></Key><Key Id="10128" KeyType="3"><Fields><Field Id="10221"></Field></Fields></Key><Key Id="10129" KeyType="3"><Fields><Field Id="10224"></Field></Fields></Key><Key Id="10130" KeyType="3"><Fields><Field Id="10230"></Field></Fields></Key><Key Id="10131" KeyType="3"><Fields><Field Id="10231"></Field></Fields></Key><Key Id="10132" KeyType="3"><Fields><Field Id="10233"></Field></Fields></Key><Key Id="10133" KeyType="3"><Fields><Field Id="10235"></Field></Fields></Key><Key Id="10134" KeyType="3"><Fields><Field Id="10249"></Field></Fields></Key><Key Id="10135" KeyType="3"><Fields><Field Id="10252"></Field></Fields></Key><Key Id="10136" KeyType="3"><Fields><Field Id="10253"></Field></Fields></Key></Keys><Fields><Field Id="10216" Label="ID" Description="System Field" Name="ID" DataTypeName="Integer" DataType="1" IsNullable="false" IsList="false" IsLookup="true" IsCoReadOnly="false" IsAutoUpdate="false" IsSequence="false" IsSystemField="true"></Field><Field Id="10217" Label="File Attachments" Description="File Attachments for the object" Name="FileAttachments" DataTypeName="Files" DataType="17" IsNullable="true" IsList="true" IsLookup="false" IsCoReadOnly="false" IsAutoUpdate="false" IsSequence="false" IsSystemField="true"></Field><Field Id="10218" Label="Date Created" Description="System Field" Name="CreatedTime" DataTypeName="Date/Time" DataType="5" IsNullable="true" IsList="false" IsLookup="false" IsCoReadOnly="true" IsAutoUpdate="false" IsSequence="false" IsSystemField="true" ServerDefaultValue="curTime"></Field><Field Id="10219" Label="Created By" Description="System Field" Name="CreatedByAccount" DataTypeName="Menu" DataType="6" IsNullable="true" IsList="false" IsLookup="false" IsCoReadOnly="true" IsAutoUpdate="false" IsSequence="false" IsSystemField="true" ServerDefaultValue="curAdminUser" OptListId="2"></Field><Field Id="10220" Label="Date Last Updated" Description="System Field" Name="UpdatedTime" DataTypeName="Date/Time" DataType="5" IsNullable="true" IsList="false" IsLookup="false" IsCoReadOnly="true" IsAutoUpdate="true" IsSequence="false" IsSystemField="true" ServerDefaultValue="curTime"></Field><Field Id="10221" Label="Updated By" Description="System Field" Name="UpdatedByAccount" DataTypeName="Menu" DataType="6" IsNullable="true" IsList="false" IsLookup="false" IsCoReadOnly="true" IsAutoUpdate="true" IsSequence="false" IsSystemField="true" ServerDefaultValue="curAdminUser" OptListId="2"></Field><Field Id="10222" Label="Incident" Name="Incident" DataTypeName="Integer" DataType="1" IsNullable="true" IsList="false" IsLookup="false" IsCoReadOnly="false" IsAutoUpdate="false" IsSequence="false" IsSystemField="false"></Field><Field Id="10223" Label="Field Service Note" Name="Field_Service_Note" DataTypeName="Text Field" DataType="2" IsNullable="true" IsList="false" IsLookup="false" IsCoReadOnly="false" IsAutoUpdate="false" IsSequence="false" IsSystemField="false" MaxLength="" Usage="LongText" Pattern=""></Field><Field Id="10224" Label="Reminder Time" Description="Customer's reminder notification time: minutes before the start ofthe activity about which the customer is to be notified." Name="Reminder_Time" DataTypeName="Menu" DataType="6" IsNullable="true" IsList="false" IsLookup="false" IsCoReadOnly="false" IsAutoUpdate="false" IsSequence="false" IsSystemField="false" MenuClassId="10003"></Field><Field Id="10225" Label="Contact Phone" Name="Contact_Phone" DataTypeName="Text Field" DataType="2" IsNullable="true" IsList="false" IsLookup="false" IsCoReadOnly="false" IsAutoUpdate="false" IsSequence="false" IsSystemField="false" MaxLength="30" Usage="PlainText" Pattern=""></Field><Field Id="10226" Label="Contact Mobile Phone" Name="Contact_Mobile_Phone" DataTypeName="Text Field" DataType="2" IsNullable="true" IsList="false" IsLookup="false" IsCoReadOnly="false" IsAutoUpdate="false" IsSequence="false" IsSystemField="false" MaxLength="30" Usage="PlainText" Pattern=""></Field><Field Id="10227" Label="Contact Street" Name="Contact_Street" DataTypeName="Text Field" DataType="2" IsNullable="true" IsList="false" IsLookup="false" IsCoReadOnly="false" IsAutoUpdate="false" IsSequence="false" IsSystemField="false" MaxLength="255" Usage="PlainText" Pattern=""></Field><Field Id="10228" Label="Contact City" Name="Contact_City" DataTypeName="Text Field" DataType="2" IsNullable="true" IsList="false" IsLookup="false" IsCoReadOnly="false" IsAutoUpdate="false" IsSequence="false" IsSystemField="false" MaxLength="255" Usage="PlainText" Pattern=""></Field><Field Id="10229" Label="Contact Postal Code" Name="Contact_Postal_Code" DataTypeName="Text Field" DataType="2" IsNullable="true" IsList="false" IsLookup="false" IsCoReadOnly="false" IsAutoUpdate="false" IsSequence="false" IsSystemField="false" MaxLength="15" Usage="PlainText" Pattern=""></Field><Field Id="10230" Label="Contact Province/State" Name="Contact_Province_State" DataTypeName="Menu" DataType="6" IsNullable="true" IsList="false" IsLookup="false" IsCoReadOnly="false" IsAutoUpdate="false" IsSequence="false" IsSystemField="false" OptListId="11"></Field><Field Id="10231" Label="Contact" Name="Contact" DataTypeName="Integer" DataType="1" IsNullable="true" IsList="false" IsLookup="false" IsCoReadOnly="false" IsAutoUpdate="false" IsSequence="false" IsSystemField="false"></Field><Field Id="10232" Label="Work Order Time Slot" Name="WO_Time_Slot" DataTypeName="Text Field" DataType="2" IsNullable="true" IsList="false" IsLookup="false" IsCoReadOnly="false" IsAutoUpdate="false" IsSequence="false" IsSystemField="false" MaxLength="30" Usage="PlainText" Pattern=""></Field><Field Id="10233" Label="Organization" Name="Organization" DataTypeName="Integer" DataType="1" IsNullable="true" IsList="false" IsLookup="false" IsCoReadOnly="false" IsAutoUpdate="false" IsSequence="false" IsSystemField="false"></Field><Field Id="10234" Label="External ID" Description="External ID from Field Service" Name="External_ID" DataTypeName="Integer" DataType="1" IsNullable="true" IsList="false" IsLookup="false" IsCoReadOnly="false" IsAutoUpdate="false" IsSequence="false" IsSystemField="false"></Field><Field Id="10235" Label="Work Order Type" Name="WO_Type" DataTypeName="Menu" DataType="6" IsNullable="true" IsList="false" IsLookup="false" IsCoReadOnly="false" IsAutoUpdate="false" IsSequence="false" IsSystemField="false" MenuClassId="10004"></Field><Field Id="10236" Label="Delivery Window Start" Name="Delivery_Window_Start" DataTypeName="Text Field" DataType="2" IsNullable="true" IsList="false" IsLookup="false" IsCoReadOnly="false" IsAutoUpdate="false" IsSequence="false" IsSystemField="false" MaxLength="25" Usage="PlainText" Pattern=""></Field><Field Id="10237" Label="Delivery Window End" Name="Delivery_Window_End" DataTypeName="Text Field" DataType="2" IsNullable="true" IsList="false" IsLookup="false" IsCoReadOnly="false" IsAutoUpdate="false" IsSequence="false" IsSystemField="false" MaxLength="25" Usage="PlainText" Pattern=""></Field><Field Id="10238" Label="End_Time" Name="End_Time" DataTypeName="Text Field" DataType="2" IsNullable="true" IsList="false" IsLookup="false" IsCoReadOnly="false" IsAutoUpdate="false" IsSequence="false" IsSystemField="false" MaxLength="25" Usage="PlainText" Pattern=""></Field><Field Id="10239" Label="Start - End Time" Name="Start_End_Time" DataTypeName="Text Field" DataType="2" IsNullable="true" IsList="false" IsLookup="false" IsCoReadOnly="false" IsAutoUpdate="false" IsSequence="false" IsSystemField="false" MaxLength="50" Usage="PlainText" Pattern=""></Field><Field Id="10240" Label="Travel Time (Minutes)" Name="Travel_Time" DataTypeName="Integer" DataType="1" IsNullable="true" IsList="false" IsLookup="false" IsCoReadOnly="false" IsAutoUpdate="false" IsSequence="false" IsSystemField="false"></Field><Field Id="10241" Label="Booked Time" Name="Booked_Time" DataTypeName="Date/Time" DataType="5" IsNullable="true" IsList="false" IsLookup="false" IsCoReadOnly="false" IsAutoUpdate="false" IsSequence="false" IsSystemField="false"></Field><Field Id="10242" Label="Case Note" Description="Note entered by the service agent" Name="Case_Note" DataTypeName="Text Field" DataType="2" IsNullable="true" IsList="false" IsLookup="false" IsCoReadOnly="false" IsAutoUpdate="false" IsSequence="false" IsSystemField="false" MaxLength="" Usage="LongText" Pattern=""></Field><Field Id="10243" Label="Contact Email" Description="Customer's valid email address" Name="Contact_Email" DataTypeName="Text Field" DataType="2" IsNullable="true" IsList="false" IsLookup="false" IsCoReadOnly="false" IsAutoUpdate="false" IsSequence="false" IsSystemField="false" MaxLength="80" Usage="2" Pattern=""></Field><Field Id="10244" Label="Work Order Date" Description="Specifies the date the Work Order is scheduled" Name="WO_Date" DataTypeName="Date Field" DataType="4" IsNullable="true" IsList="false" IsLookup="false" IsCoReadOnly="false" IsAutoUpdate="false" IsSequence="false" IsSystemField="false"></Field><Field Id="10245" Label="Reschedule Reason" Description="The reason the Work Order was re-scheduled" Name="Reschedule_Reason" DataTypeName="Text Field" DataType="2" IsNullable="true" IsList="false" IsLookup="false" IsCoReadOnly="false" IsAutoUpdate="false" IsSequence="false" IsSystemField="false" MaxLength="255" Usage="PlainText" Pattern=""></Field><Field Id="10246" Label="Cancel Reason" Description="The reason the Work Order was canceled" Name="Cancel_Reason" DataTypeName="Text Field" DataType="2" IsNullable="true" IsList="false" IsLookup="false" IsCoReadOnly="false" IsAutoUpdate="false" IsSequence="false" IsSystemField="false" MaxLength="255" Usage="PlainText" Pattern=""></Field><Field Id="10247" Label="Resolution Due" Description="The time the Incident should be completed based on the SLA Milestone &quot;Resolution Due&quot;" Name="Resolution_Due" DataTypeName="Date/Time" DataType="5" IsNullable="true" IsList="false" IsLookup="false" IsCoReadOnly="false" IsAutoUpdate="false" IsSequence="false" IsSystemField="false"></Field><Field Id="10248" Label="Duration" Description="Defines duration ('length') of activity in minutes" Name="Duration" DataTypeName="Integer" DataType="1" IsNullable="true" IsList="false" IsLookup="false" IsCoReadOnly="false" IsAutoUpdate="false" IsSequence="false" IsSystemField="false" MinValue="0"></Field><Field Id="10249" Label="Primary Asset" Description="Customer asset from the Incident." Name="Asset" DataTypeName="Integer" DataType="1" IsNullable="true" IsList="false" IsLookup="false" IsCoReadOnly="false" IsAutoUpdate="false" IsSequence="false" IsSystemField="false"></Field><Field Id="10250" Label="Status" Description="The state of particular Work Order" Name="WO_Status" DataTypeName="Text Field" DataType="2" IsNullable="true" IsList="false" IsLookup="false" IsCoReadOnly="false" IsAutoUpdate="false" IsSequence="false" IsSystemField="false" MaxLength="50" Usage="PlainText" Pattern=""></Field><Field Id="10251" Label="Work Order Area" Description="Entity appearing on the resource tree which can contain resources of a defined typeand be assigned activities" Name="WO_Area" DataTypeName="Text Field" DataType="2" IsNullable="true" IsList="false" IsLookup="false" IsCoReadOnly="false" IsAutoUpdate="false" IsSequence="false" IsSystemField="false" MaxLength="250" Usage="PlainText" Pattern=""></Field><Field Id="10252" Label="Override Assigned To" Name="Override_Assigned_To" DataTypeName="Integer" DataType="1" IsNullable="true" IsList="false" IsLookup="false" IsCoReadOnly="false" IsAutoUpdate="false" IsSequence="false" IsSystemField="false"></Field><Field Id="10253" Label="Override Request" Name="Override_Request" DataTypeName="Menu" DataType="6" IsNullable="true" IsList="false" IsLookup="false" IsCoReadOnly="false" IsAutoUpdate="false" IsSequence="false" IsSystemField="false" MenuClassId="10002"></Field><Field Id="10254" Label="Resource" Name="Resource" DataTypeName="Text Field" DataType="2" IsNullable="true" IsList="false" IsLookup="false" IsCoReadOnly="false" IsAutoUpdate="false" IsSequence="false" IsSystemField="false" MaxLength="255" Usage="PlainText" Pattern=""></Field><Field Id="10255" Label="ETA" Name="ETA" DataTypeName="Text Field" DataType="2" IsNullable="true" IsList="false" IsLookup="false" IsCoReadOnly="false" IsAutoUpdate="false" IsSequence="false" IsSystemField="false" MaxLength="255" Usage="PlainText" Pattern=""></Field></Fields><Notes></Notes></CustomObject><!--E4EsJAewMGfsz7jowk5U58l/AmHtw3AC40Ro-->